Nombre_Actor,Año_nacimiento,Premios,Qué_hace,Conocido_por
Tran Thanh,No info,No info,"Actor, Director, Editor","Mai, The House of No Man, Dad, I'm Sorry"
Nguy Thien An,No info,No info,Actress,No info
Will,No info,No info,Actor,"Tam Cam: The Untold Story, Until You, Jailbait"
Rendy Herpy,No info,No info,"Actor, Director, Producer","Love in Game, Mbutik, Gas Kuy"
Irwansyah,No info,No info,"Actor, Producer, Director","Vestiges, Wanita Tetap Wanita, Persepsi"
Ressa Rere,No info,No info,Actress,No info
Nikolay Kharin,No info,No info,Actor,No info
Vasilisa Petrova,No info,No info,Actress,No info
Teresa Romagnoli,No info,No info,Actress,"Don Matteo, Blue Eyes, Beata ignoranza"
Guglielmo Poggi,No info,4 wins & 10 nominations,"Actor, Director, Writer","Next One, Il tuttofare, Till Now"
Claudio Di Biagio,No info,No info,"Actor, Director, Writer","Freaks!, Unboxing Annie, Vittima degli eventi"
Jimmy Ho,No info,No info,Actor,No info
Gyan Wang,No info,No info,Actress,No info
Clara Flaherty,No info,No info,No info,No info
Eugene Kolb,No info,1 nomination,"Visual Effects, Producer, Director","Ur Heinous Habit, Fridge, I Don't Understand You"
Amitabh Bachchan,"October 11, 1942",103 wins & 140 nominations,"Actor, Producer, Writer","Black, Mohabbatein, Pink"
Farhan Akhtar,"January 9, 1974",49 wins & 51 nominations,"Producer, Writer, Art Director","Zindagi Na Milegi Dobara, Dil Chahta Hai, Don"
Aditi Rao Hydari,"October 28, 1986",17 wins & 19 nominations,"Actress, Music Department","Padmaavat, Jubilee, Rockstar"
John Cusack,"June 28, 1966",8 wins & 21 nominations total,"Actor, Producer, Writer","Grosse Pointe Blank, High Fidelity, Say Anything..."
Samuel L. Jackson,"December 21, 1948",48 wins & 97 nominations total,"Actor, Producer, Additional Crew","Pulp Fiction, The Hateful Eight, Snakes on a Plane"
Isabelle Fuhrman,"February 25, 1997",2 wins & 10 nominations,"Actress, Producer, Writer","The Novice, Orphan, The Hunger Games"
Allie Marie Evans,"January 26, 1996",No info,Actress,"Maximum Ride, 47 Hours, Chapter 51"
Patrick Johnson,No info,1 nomination,"Actor, Camera and Electrical Department, Producer","Sabotage, Endless Love, Necessary Roughness"
Lyliana Wray,"December 30, 2004",No info,Actress,"Top Gun: Maverick, Strange Angel, Maximum Ride"
Adam Pitman,No info,7 wins,"Producer, Writer, Director","The Triangle, Travis, Cliff Lake"
Nathaniel Peterson,No info,1 win,"Actor, Producer, Director","The Triangle, Rain from Stars, Travis"
Rian Jairell,No info,No info,Actor,"Travis, Using, Chicago Fire"
Rachel Lloyd,No info,No info,Actress,No info
Julian Glover,"March 27, 1935",2 wins & 4 nominations,"Actor, Soundtrack","Indiana Jones and the Last Crusade, Star Wars: Episode V - The Empire Strikes Back, Troy"
Jerry Hall,"July 2, 1956",No info,"Actress, Soundtrack","Batman, Freejack, Absolutely Fabulous: The Movie"
Cristian J. Pinto,No info,No info,Actor,No info
Zach Thrasher,No info,2 nominations,Actor,"Cloudpunk, Hourglass, Creed"
Jeremy Andrei,No info,No info,Actor,No info
Tommy Bhata,No info,No info,Actor,No info
Dylan MacGregor,No info,1 win & 3 nominations,"Cinematographer, Camera and Electrical Department, Director","Ippo, Looking Back, The Pale Light as Our Witness"
Eileen Álvarez,No info,1 win,"Actress, Writer, Director","Grey's Anatomy, Lessons in Chemistry, Presumed Innocent"
Garrett Vander Leun,"July 18, 1982",No info,"Art Department, Actor, Writer","Xeno, Lost Woods, Issues"
Richard T. Jones,"January 16, 1972",2 wins & 2 nominations,"Actor, Producer, Writer","Event Horizon, Collateral, Vantage Point"
Adam Lazarre-White,"September 21, 1969",1 win & 1 nomination,"Actor, Writer, Producer","The Old Way, Heroes, Ocean's Thirteen"
Robinne Lee,"July 16, 1974",2 wins,"Actress, Producer, Writer","National Security, Hitch, Fifty Shades Freed"
Steven Joseph Adams,No info,No info,"Actor, Camera and Electrical Department, Second Unit or Assistant Director","Family Secret, Sickle, Satanic Meat Cleaver Massacre"
Leeann Aubuchon,No info,No info,Actress,"Family Secret, Halloween Tales, Sickle"
Forris Day Jr.,No info,2 nominations,"Actor, Cinematographer, Camera and Electrical Department","Sickle, The Regulators, Halloween Tales"
Jürgen Prochnow,"June 10, 1941",7 wins & 2 nominations,"Actor, Producer, Soundtrack","Das Boot, Dune, The English Patient"
Moritz Bleibtreu,"August 13, 1971",12 wins & 11 nominations,"Actor, Producer, Director","Knockin' on Heaven's Door, Das Experiment, Im Juli"
Nora Waldstätten,"December 1, 1981",3 wins & 2 nominations,Actress,"Personal Shopper, Tatort, Clouds of Sils Maria"
Mehdi Francois-Ackerman,October 7,No info,"Actor, Writer, Producer",No info
Augie Duke,"February 4, 1986",6 wins & 2 nominations,"Actress, Producer, Director","6 Years, 4 Months & 23 Days, Spring, Bad Kids Go to Hell"
Frank Leboeuf,"January 22, 1968",1 nomination,"Actor, Producer, Additional Crew","The Theory of Everything, Blazeball, The Eighth Sin"
Kanha Bhave,No info,No info,Actor,No info
Chaitrali Gadkari,No info,No info,Actress,No info
Arya Hadkar,No info,No info,Actress,No info
Giovanni Turco,No info,No info,Actor,"Buck and the Magic Bracelet, La voce, Scale Model"
Francesco Aiello,No info,No info,"Actor, Director","Scale Model, Goodbye Mr. President, Il mio posto è qui"
Ernesto Orrico,No info,No info,Actor,"Scale Model, Primula Rossa, Recherche"
Kamalakar Borkar,No info,No info,Actor,No info
Sadanand Borkar,No info,No info,Actor,No info
Vikrant Borkar,No info,No info,Actor,No info
Amisha Ambekar,No info,No info,Actress,No info
Suyesh Janjhunrke,No info,No info,Actor,No info
Saroj Patil,No info,No info,Actress,No info
Helen Chan,No info,No info,Actress,No info
Olivia Cheng,No info,No info,Actress,"Millionaires Express, Blue Lightning, The Wild Ones"
Samuel Hui,No info,1 win & 5 nominations,"Actor, Music Department, Composer","The Swordsman, Jui gaai paak dong, The Legend of Wisely"
Luis Alarcón,No info,4 wins & 1 nomination,"Actor, Special Effects, Producer","Estúpido Cupido, La fiera, Témpano"
Patricia Rivadeneira,No info,No info,Actress,"La Poseída, Vuelve Temprano, Sucupira: La Comedia"
Francisco Reyes,"July 6, 1954",1 win & 6 nominations,"Actor, Soundtrack","A Fantastic Woman, The Club, Cómplices"
Anthony Harrison,"January 9, 1961",2 wins,"Actor, Producer, Writer","Joe Finds Grace, The Mighty Ducks: Game Changers, Exuvia"
C. Ernst Harth,"February 2, 1970",2 wins,"Actor, Producer, Production Manager","Thir13en Ghosts, Scooby-Doo 2: Monsters Unleashed, Supernatural"
Ellie Harvie,"April 7, 1965",10 wins & 14 nominations,"Actress, Writer, Director","The New Addams Family, Wrongfully Accused, Love Happens"
John Goodman,"June 20, 1952",33 wins & 76 nominations total,"Actor, Producer, Soundtrack","10 Cloverfield Lane, Barton Fink, Argo"
Jeff Foxworthy,"September 6, 1958",3 wins & 12 nominations,"Actor, Writer, Producer","Blue Collar Comedy Tour: The Movie, Are You Smarter Than a 5th Grader?, Racing Stripes"
Kelsey Grammer,"February 21, 1955",29 wins & 65 nominations total,"Producer, Actor, Music Department","Cheers, Frasier, Transformers: Age of Extinction"
Steve Monroe,"October 30, 1972",No info,"Actor, Producer, Director","Promising Young Woman, Miss Congeniality, Crazy Ex-Girlfriend"
Gavin Wilde,No info,No info,Actor,No info
Landon Gordon,"November 30, 2009",No info,Actor,"Secrets of Sulphur Springs, Top Gun: Maverick, Coop and Cami Ask the World"
Michael Peña,"January 13, 1976",13 wins & 8 nominations,"Actor, Producer, Soundtrack","American Hustle, Crash, End of Watch"
Dax Shepard,"January 2, 1975",1 win & 3 nominations,"Podcaster, Actor, Producer","Armchair Expert with Dax Shepard, Hit and Run, Idiocracy"
Vincent D'Onofrio,"June 30, 1959",13 wins & 17 nominations total,"Actor, Producer, Director","Men in Black, The Cell, Full Metal Jacket"
Gladys Florence,No info,No info,"Director, Actress, Writer",No info
Gladys Rose,No info,No info,Actress,No info
Tom Troupe,No info,No info,"Actor, Writer","Kelly's Heroes, Star Trek, My Own Private Idaho"
Rosario Dawson,"May 9, 1979",16 wins & 61 nominations,"Actress, Producer, Director","Rent, The Lego Batman Movie, Sin City"
Nick Robinson,"March 22, 1995",2 wins & 16 nominations,"Actor, Producer, Soundtrack","Jurassic World, Everything, Everything, Boardwalk Empire"
Tip 'T.I.' Harris,"September 25, 1980",8 wins & 50 nominations,"Music Artist, Actor, Composer","Ant-Man, Ant-Man and the Wasp, Takers"
Greg Lindsay,No info,No info,"Actor, Writer, Producer","The Nice Guys, Blades of Glory, Las Vegas"
John Bobek,"May 22, 1982",No info,"Actor, Writer, Producer","A Series of Unfortunate Events, Stomping Ground, Happy Endings"
John Ducey,"January 21, 1969",No info,"Actor, Writer, Producer","I Believe in Santa, Bad Judge, The Suite Life Movie"
Victoria Crawford,No info,No info,"Actress, Additional Crew","Remnants, Folly of Man, In My Shoes"
Thomas Marino,No info,No info,"Actor, Producer","These Streets We Haunt, Lyrical Cafe, Introverts Anonymous"
Matt Williams,No info,1 nomination,"Actor, Writer, Director","These Streets We Haunt, Nashville, Everyday Yeti"
Abbi Lake O'Neill,No info,No info,"Reparto, Guion, Dirección","Surviving in L.A., Dating in L.A., The Ones"
Jay Huguley,No info,1 premio,Reparto,"12 años de esclavitud, Los ojos de Tammy Faye, True Detective"
Robert Walden,25 de septiembre de 1943,5 nominaciones en total,"Reparto, Dirección, Guion","Brothers, Todo lo que usted siempre quiso saber sobre el sexo* pero nunca se atrevió a preguntar, Todos los hombres del presidente"
Cary-Hiroyuki Tagawa,27 de septiembre de 1950,1 premio,"Reparto, Producción, Equipos adicionales","Mortal Kombat, El planeta de los simios, Tekken"
Quinton 'Rampage' Jackson,20 de junio de 1978,No info,"Reparto, Producción","El equipo A, El vagón de la muerte, Muere otra vez"
Hector Echavarria,6 de diciembre de 1969,No info,"Reparto, Producción, Guion","The Cello, Remember me, Sin salida"
Alexandra Daddario,16 de marzo de 1986,2 premios y 8 nominaciones en total,"Reparto, Producción, Banda sonora","Baywatch: Los vigilantes de la playa, La matanza de Texas 3D, Percy Jackson y el ladrón del rayo"
Takehiro Hira,27 de julio de 1974,1 nominación en total,Reparto,"Giri/Haji: Deber/Deshonor, Shōgun, Monarch: El legado de los monstruos"
Carice van Houten,5 de septiembre de 1976,26 premios y 20 nominaciones en total,"Reparto, Producción, Guion","Juego de tronos, El libro negro, Valkiria"
Takashi Hasegawa,No info,No info,Reparto,No info
Zofia Stafiej,21 de junio de 1999,2 premios y 2 nominaciones,Reparto,"I never cry (Yo nunca lloro), 25 lat niewinnosci. Sprawa Tomka Komendy, Stulecie Winnych"
Kinga Preis,31 de agosto de 1971,11 premios y 11 nominaciones,"Reparto, Banda sonora","The Lure, Cisza, W ciemnosci"
Arkadiusz Jakubik,14 de enero de 1969,6 premios y 6 nominaciones,"Reparto, Dirección, Guion","Cicha noc, Soy un asesino, Prosta historia o milosci"
Penelope Tsilika,No info,1 premio y 4 nominaciones,Reparto,"Little England, Crímenes del futuro, Kala azar"
Dimitris Lalos,No info,1 nominación,"Reparto, Dirección, Guion","Ageli provaton, Without, Sasmos"
Michele Valley,No info,No info,Reparto,"Canino, Dos chicas brillantes, Singapore sling: O anthropos pou agapise ena ptoma"
Vanessa Schaefer,No info,No info,Reparto,"Blurred Lines, Dive, Dreamers"
James Mackenzie,No info,No info,Reparto,No info
Emma Murphy,No info,No info,Reparto,"Wonderland, The Deal Breaker, Hear a No"
Marissa Meizz,No info,No info,"Reparto, Vestuario","Satisfaction, The Drew Barrymore Show, Chrysopoeia"
Catarina Sousa,No info,No info,"Reparto, Producción, Dirección de la segunda unidad o asistencia a dirección","Untitled Story, Hunting Joy, Caged"
Ray Tezanos,No info,No info,"Reparto, Producción, Guion",No info
Dan Stevens,10 de octubre de 1982,6 premios y 26 nominaciones,"Reparto, Producción, Banda sonora","Downton Abbey, The Guest, La bella y la bestia"
Alison Brie,29 de diciembre de 1982,8 premios y 27 nominaciones,"Reparto, Producción, Guion","GLOW, Community, Una joven prometedora"
Sheila Vand,27 de abril,2 premios y 3 nominaciones,Reparto,"Una chica vuelve a casa sola de noche, Argo, We the Animals"
Travis Farris,No info,No info,"Reparto, Producción","Dead on Arrival, Rustlers, Violent Ends (II)"
Blake Webb,7 de marzo,1 nominación,Reparto,"Por trece razones, Good Trouble, Mentes criminales"
Elior Ilishah,No info,No info,"Reparto, Equipos adicionales","The Time and Place with John & Amir, No eXcape, Power Chord"
Effy Bashford,No info,No info,"Reparto, Guion, Dirección de la segunda unidad o asistencia a dirección","The Darkest Corner, Demi, Just Remember"
Pippa Caddick,No info,No info,Reparto,"Witches of God, The Testing Point, The Big Question"
May Kelly,No info,No info,"Reparto, Producción","Mega Lightning, Pterodactyl, The Loch Ness Horror"
Jessie Crabbe,No info,No info,"Reparto, Casting, Equipos adicionales","The Valley of the Rats, We Married Too Young, Pneuma"
Darlene Henley,No info,No info,Reparto,No info
Marnie Mahannah,No info,1 premio y 1 nominación,"Reparto, Guion, Producción","So Help Me Todd, Round and Round, The Good Doctor"
Amy Argyle,21 de julio de 1979,1 premio y 1 nominación,"Reparto, Producción, Dirección","Frank & Lola, Sin rastro, The Lears"
Matthew Brady,No info,3 premios y 1 nominación,Reparto,"Hillbilly, una elegía rural, American Horror Story, MacGyver"
Piercey Dalton,No info,3 premios y 6 nominaciones,"Reparto, Producción, Dirección de la segunda unidad o asistencia a dirección","Puertas abiertas, Interrogation, Bull"
Niels Arestrup,8 de febrero de 1949,6 premios y 8 nominaciones,"Reparto, Guion, Dirección","Un profeta, War Horse (Caballo de batalla), Diplomacia"
Patrick Bruel,14 de mayo de 1959,1 premio y 1 nominación,"Music Artist, Reparto, Composición","Sabrina (y sus amores), Le lait de la tendresse humaine, El nombre"
Irène Jacob,15 de julio de 1966,3 premios y 4 nominaciones en total,"Reparto, Equipo ejecutivo","La doble vida de Verónica, Tres colores: Rojo, Adiós, muchachos"
Robert Allen Cruz,No info,No info,"Reparto, Producción",No info
Bec Doyle,No info,No info,"Reparto, Dirección, Edición","American Satan, Christmas Tree Lane, Ballers"
Fabian Jaime,No info,No info,"Reparto, Producción, Guion","NCIS: Los Ángeles, Cold Case Files, Deep Undercover"
Jiiva,4 de enero de 1984,2 premios y 7 nominaciones,"Reparto, Producción","83, Raam, Ko"
Navdeep,26 de enero de 1986,No info,"Reparto, Composición","Aegan, Ala Vaikunthapurramuloo, Arindhum Ariyamalum"
Riya Suman,5 de septiembre de 1994,1 nominación,Reparto,"Top Gear, Majnu, Walking Talking Strawberry Icecream"
Luigi Cazzaniga,No info,No info,Reparto,"Il Mostro, Sei fratelli, Drop"
Cendrine Gourbin,No info,No info,"Reparto, Dirección, Guion","La boîte de Pandore, Quantum Trip, Rodin"
Jean Soubirou,No info,No info,Reparto,No info
Laetitia Dosch,1 de septiembre de 1980,7 premios y 3 nominaciones,"Reparto, Dirección, Guion","Bienvenida a Montparnasse, Le procès du chien, 9 meses"
Sergei Polunin,20 de noviembre de 1989,No info,"Reparto, Dirección, Guion","Asesinato en el Orient Express, Gorrión rojo, El cascanueces y los cuatro reinos"
Lou-Teymour Thion,No info,No info,Reparto,"Passion simple, Peur de rien, Mappemonde"
Andrianna Adebiyi,No info,No info,Reparto,No info
Ademola Adedoyin,No info,1 nominación,"Reparto, Producción","October 1, Knockout Blessing, The Bridge"
Twitch Badmus,No info,No info,Reparto,No info
Adrien Brody,14 de abril de 1973,16 premios y 42 nominaciones en total,"Reparto, Producción, Composición","El pianista, El gran hotel Budapest, El profesor (Detachment)"
Glenn Fleshler,5 de septiembre de 1968,1 nominación,Reparto,"Joker, Billions, Barry"
Richie Merritt,No info,No info,"Reparto, Banda sonora","White Boy Rick, Clean, Lola"
Kartik Aaryan,22 de noviembre de 1990,39 premios y 34 nominaciones,"Reparto, Producción","El estallido de la noticia, Luka Chuppi, SatyaPrem Ki Katha"
Sara Ali Khan,12 de agosto de 1995,15 premios y 29 nominaciones,Reparto,"Atrangi Re, Kedarnath, Simmba"
Randeep Hooda,20 de agosto de 1976,8 premios y 25 nominaciones,"Reparto, Producción, Dirección","Highway, Kick, Sultan"
Nicole Velasco Lockard,No info,No info,"Reparto, Casting","Ringolevio, Earlybird, Chicago Fire"
Meredith Johnston,No info,No info,"Reparto, Guion, Dirección","Wherever You Are, There You Go, Pink Moon, Pet Names"
Joshua Koopman,No info,3 premios y 2 nominaciones,"Reparto, Producción","How to Rob, Earlybird, Ringolevio"
Anta Fily Gaye,No info,No info,Reparto,No info
Jean-François Ogoubiyi,No info,No info,Reparto,"FBI, The Blacklist, Lupo"
Djaka Souaré,No info,4 premios y 7 nominaciones,"Reparto, Producción, Dirección","Cut Me If You Can, Jazz in Wakanda, Black Power"
Alena Yiv,30 de noviembre de 1979,2 premios y 4 nominaciones,"Reparto, Especialistas, Dirección de la segunda unidad o asistencia a dirección","Asia, Blue Natalie, The Last Caravan"
Shira Haas,11 de mayo de 1995,7 premios y 15 nominaciones en total,"Reparto, Banda sonora","Shtisel, Broken Mirrors, Unorthodox"
Tamir Mula,No info,No info,Reparto,"Fauda, Asia, Something To Live For"
Veronica Roy,No info,3 premios y 1 nominación,"Reparto, Guion, Producción","Balance of the Force, Eat the Pasta, Mentes criminales"
Traci Carr,No info,No info,"Reparto, Casting, Producción","Reunion of Champions, Fuzz & Malloy, Dracula in a Women's Prison"
Paul Doe,No info,No info,Reparto,No info
Clare Blackwood,No info,No info,"Reparto, Guion, Producción","L.A.R.P.D., Crit, Couples Therapy"
Andrew Bushell,No info,No info,"Reparto, Equipos adicionales","Jump, Darling, The Wedding Planners, Sucesor designado"
Samantha Wan,No info,1 premio y 6 nominaciones,"Reparto, Dirección, Guion","Second Jen, Private Eyes, Lady Ada's Secret Society"
Samit Gambhir,No info,No info,Reparto,"Happy New Year, Tandav, Breathe: Into the Shadows"
Vijay Kumar Dogra,No info,1 nominación,Reparto,"12th Fail, Talvar, Hindi Medium"
Vangelis Anastasiou,No info,No info,Reparto,"Before the Rooster Crows, Astoria, Monoi mazi"
Despina Antoniou,No info,No info,Reparto,No info
Spyros Dimou,No info,No info,Reparto,No info
Sorcha Groundsell,1998,1 premio,Reparto,"Far from the Apple Tree, The Innocents, The Harrowing"
Will Nash,No info,No info,"Reparto, Producción, Guion","Silentville, Cooking with Soul, An Island in Ruin"
Nina Yndis,No info,3 premios y 2 nominaciones,"Reparto, Producción, Equipos adicionales","Peaky Blinders, Who Goes There?, The Box"
Kyle Brookes,No info,4 premios y 1 nominación,"Reparto, Producción, Guion","A Light Through Coloured Glass, Once a Year on Blackpool Sands, Brontë"
Macaulay Cooper,No info,No info,Reparto,"Casualty, The Bay, A Light Through Coloured Glass"
Wendy Laurence James,No info,No info,Reparto,"Once a Year on Blackpool Sands, Wings, Dads"
Michael Ajao,No info,No info,Reparto,"Attack the Block, Última noche en el Soho, Testigo mudo"
Doyin Ajiboye,No info,1 premio,Reparto,"Dolapo Is Fine, The Following Events Are Based on a Pack of Lies, Chloe"
Amy Bowden,No info,1 premio,Reparto,"The Nest, Catherine Tate's Nan, Jekyll and Hyde"
Mia Gonzalez,No info,No info,Reparto,"Apolo 10 1/2: Una infancia espacial, Omniboat: A Fast Boat Fantasia, Just the Janitor"
Rajee Narinesingh,No info,No info,Reparto,"Regina, South Beach High, Bella Maddo"
Gabrielle Alexander,No info,3 premios y 4 nominaciones,"Reparto, Dirección, Producción","El Reggaetonero, Homemaker, Noman"
Aaron Schwartz,4 de enero de 1981,1 premio y 1 nominación,"Reparto, Guion, Producción","Pesos pesados, Somos los mejores, Gossip Girl"
Matthew Dennis Lewis,No info,5 premios,"Reparto, Guion, Producción","Entrevista con el vampiro, Gambito de dama, Godless"
Russell Dennis Lewis,No info,No info,"Reparto, Especialistas","Gambito de dama, Godless, Blue Bloods"
Ryan Phoenix,No info,No info,Reparto,"Wild West Chronicles, Ein Man Stande, Stranger Things"
Richard Phillis,No info,No info,Reparto,"Maggie Shayne's Embrace the Twilight, Crops, Cleanland"
Jessica Buchman,No info,No info,Reparto,No info
Blanca Suárez,21 de octubre de 1988,9 premios y 6 nominaciones,Reparto,"El bar, El internado, La piel que habito"
Javier Rey,25 de febrero de 1980,7 premios y 5 nominaciones,Reparto,"Fariña, Sin fin, Not the End"
Pablo Molinero,No info,1 premio y 3 nominaciones,"Reparto, Guion","La peste, El verano que vivimos, La mort de Guillem"
Laura Osma,No info,1 premio,Reparto,"El Suspiro del Silencio, Pimpinero, Sin Senos Sí Hay Paraíso"
Juan Carlos Velis,24 de agosto de 1973,1 nominación,"Reparto, Guion, Producción","El asesino (War), El lado siniestro de la luna, Una vida a lo grande"
Fernando Gaviria,No info,No info,"Reparto, Producción, Guion","Dos policías rebeldes II, Rumis, La Piñateria"
Aurea,No info,1 premio,"Reparto, Banda sonora","Nelo e Idália, A Escritora, Nazaré"
Dalila Carmo,24 de agosto de 1974,11 premios y 16 nominaciones,Reparto,"Florbela, Na Corda Bamba, Valor da Vida"
Catarina Lima,No info,1 nominación,"Reparto, Equipos adicionales","A Escritora, Doida por Ti, Rosa Fogo"
Tendaiishe Chitima,No info,No info,Reparto,"Gonarezhou: The Movie, Into Infinity, Cook Off"
Jackson Chivhanga,No info,No info,Reparto,No info
Charlene Mangweni,No info,No info,"Reparto, Equipos adicionales","Gonarezhou: The Movie, State of Malambia, Lord of Kush"
Andrea Riseborough,20 de noviembre de 1981,22 premios y 25 nominaciones en total,"Reparto, Producción, Banda sonora","Birdman o (La inesperada virtud de la ignorancia), Oblivion, Possessor Uncut"
Michael Landes,No info,1 nominación,"Reparto, Producción","Cruel Summer, La oferta, Cazadores de leyendas"
Shereen Reda,No info,4 premios,Reparto,"The Blue Elephant, Photocopy, Out of Order"
Ali Liebert,20 de agosto de 1981,6 premios y 6 nominaciones,"Reparto, Dirección, Producción","El canguro de Navidad, One of Us Is Lying, Family Law"
Vera Graziadei,6 de noviembre,19 premios y 4 nominaciones,"Dirección, Reparto, Guion","Peep Show, The Book of Vision, The Silent Canary"
Alex Feldman,19 de octubre,1 premio,"Reparto, Dirección, Producción","The Americans, Eternity Hill, Ley y orden"
Alejandra Meco,25 de mayo de 1990,No info,"Reparto, Guion y continuidad","El secreto de Puente Viejo, Acacias 38, The Aboves and the Belows"
Daria Krauzo,No info,No info,Reparto,"Sky Rojo, Mar de plástico, Nest of Vampires"
Rodrigo Recio,No info,No info,"Reparto, Dirección de la segunda unidad o asistencia a dirección","Jaula, Cuerpo de élite, Ana Tramel. El juego"
Moritz Bleibtreu,13 de agosto de 1971,12 premios y 11 nominaciones,"Reparto, Producción, Dirección","Llamando a las puertas, El experimento, Im Juli"
Nadja Uhl,23 de mayo de 1972,13 premios y 15 nominaciones,"Reparto, Banda sonora","RAF Facción del ejército rojo, Operation Zucker, ZERV - Zeit der Abrechnung"
Emily Kusche,15 de enero de 2002,1 nominación,Reparto,"Sløborn, Das perfekte Geheimnis, Dogs of Berlin"
Michael Gandolfini,10 de mayo de 1999,No info,"Reparto, Guion, Producción","Santos criminales, Cherry, Paisaje con mano invisible"
Austin Abrams,2 de septiembre de 1996,1 premio,"Reparto, Producción, Banda sonora","Ciudades de papel, Revancha ya, Historias de miedo para contar en la oscuridad"
Jake Ryan,26 de agosto,1 nominación,Reparto,"Asteroid City, Eighth Grade, Moonrise Kingdom"
Monee Phillips,No info,No info,Reparto,"Da Neighborhood Dopemane, Too Little Too Late, Caught in A Trapp"
Marie Richards,No info,No info,"Reparto, Especialistas","Blinded by the Bag, Theme Night 2021, Sinthetic, the movie"
Robin Michelle Lee,No info,No info,Reparto,"The Angry Black Girl and Her Monster, Chronology, The Present"
Libby Wattis,No info,10 premios y 6 nominaciones,"Reparto, Producción",No info
Caroline Vella,No info,2 premios,Reparto,"Lavender, Emmerdale, Bikini Girls vs Dinosaurs"
John Shepard,No info,No info,Reparto,"Sneakers (Los fisgones), Juego de patriotas, Mirada de ángel"
Maggie Carr,No info,1 premio,Reparto,"The Place of the Skull, Back for Good, Conversations w/ My Ex"
Eamon McGee,No info,No info,"Reparto, Dirección de la segunda unidad o asistencia a dirección, Producción","The Race, Rising Fear, Judy's Dead"
Kiara Advani,31 de julio de 1992,26 premios y 41 nominaciones,Reparto,"Shershaah, Guilty, Kabir Singh"
Taher Shabbir,7 de enero de 1987,No info,"Reparto, Dirección, Producción","Fan, Hundred, Guilty"
Akansha Ranjan Kapoor,18 de septiembre de 1993,1 premio y 1 nominación,Reparto,"Guilty, Monica O My Darling, Satyajit Ray"
Lucas Lacerda Albuquerque,No info,No info,Reparto,"Lovebug, Discover Indie Film, O Mundo Aqui Dentro"
Clei Grött,No info,No info,Reparto,"Submersos, Das Profundezas, Discover Indie Film"
Vanessa Sandre,No info,No info,"Reparto, Producción, Dirección","O Prazer é Todo Meu, Nuvem, Quito 2023"
Philippe Hédoux,No info,No info,Reparto,"Rendez-vous avec Diego, Le Poisson rouge, La Lettre"
Marine Roualdes,No info,1 nominación,Reparto,No info
Ieuan Coombs,No info,No info,"Reparto, Dirección, Guion","Newbie, The Next One, Older Gods"
Une Das Reich,No info,No info,Reparto,No info
Becky Fowler,No info,No info,Reparto,No info
Arabella Landrum,No info,No info,Reparto,"Antebellum, Easy Does It, Dark Circles"
Jena Malone,21 de noviembre de 1984,13 premios y 22 nominaciones,"Reparto, Producción, Música","The Neon Demon, Los juegos del hambre: Sinsajo - Parte 2, Contact"
Eric Lange,19 de febrero de 1973,2 premios y 3 nominaciones,"Reparto, Producción, Banda sonora","Fuga en Dannemora, Narcos, Perdidos"
Ethan Cockrill,No info,No info,"Reparto, Guion","Coyote, 32 Goldfish, Unknown Heavens"
Robert Brooks,No info,1 premio,"Dirección, Producción, Edición","Background Noise, It's Basic, Kevin Garnett: Anything Is Possible"
T.J. Hunt,No info,No info,"Arte, Producción, Equipos adicionales","Chinatowne Special with Rice, The Death and Resurrection of Void Star, The Librarians"
Elisa Volpatto,No info,1 premio y 1 nominación,Reparto,"Um animal menor, Mulher de Fases, Buenos días, Verônica"
Branca Messina,No info,2 premios y 1 nominación,Reparto,"Loop, Não Por Acaso, A Divisão"
Sílvia Lourenço,No info,8 premios y 5 nominaciones,"Reparto, Guion, Equipos adicionales","Contra Todos, Quanto Dura o Amor?, O Cheiro do Ralo"
Miyu Tomita,No info,5 nominaciones,"Reparto, Música, Banda sonora","Made in Abyss, Sabikui Bisco, Kaguya-sama wa kokurasetai ~ Tensai tachi no ren'ai zunô sen ~"
Mariya Ise,No info,4 nominaciones,"Reparto, Música, Banda sonora","Made in Abyss, The Promised Neverland, Guardianes de la noche - Kimetsu no Yaiba - La película: Tren Infinito"
Shiori Izawa,No info,1 nominación,"Reparto, Música, Banda sonora","Made in Abyss, Gakusen toshi asterisk, Witch Craft Works"
Ailish Symons,No info,1 premio,"Reparto, Producción, Dirección","The Widow, Coyote, Capture"
Jason Kavan,No info,No info,Reparto,"Emmerdale, Nice Mike, The Napoleon Complex"
Alice Baxter,No info,No info,Reparto,No info
Katie Boland,14 de febrero de 1988,16 premios y 8 nominaciones,"Reparto, Producción, Dirección","Lolz-ita, Long Story, Short, The Master"
Robert Woo,No info,1 premio,"Producción, Guion, Reparto","Un espía y medio, East of Hollywood, The Imitation Game"
Clark Moore,18 de julio de 1977,1 premio,"Reparto, Producción","Dahmer - Monstruo: La historia de Jeffrey Dahmer, Yellowstone, Women of the Movement (Serie de TV)"
Paul Thomas Arnold,2 de octubre,No info,Reparto,"The Real Bros of Simi Valley, Chicken Girls: College Years, Rosewood"
Brian Cutler,No info,No info,"Reparto, Producción, Dirección","Catalina Caper, Emergencia, Mork y Mindy"
Balázs Bodolai,No info,No info,Reparto,"Legjobb tudomásom szerint, Hasadék, Sarajevo Songs of Woe"
Gabriella Hámori,1 de noviembre de 1978,6 premios,Reparto,"The Exam, Portraits in Dramatic Time, Budapest"
Attila Menszátor-Héresz,No info,No info,Reparto,"Mindörökké, Scirocco, Strike Back"
Carlos Segura,No info,No info,Reparto,"Fear the Walking Dead, Belascoarán, Coyote"
Fernanda Acosta,No info,No info,Reparto,No info
Bruno Dominguez,No info,No info,Reparto,"Coyote, Días Negros, Hypocrisis"
Thitipoom Techaapaikhun,No info,No info,Reparto,"Classic Again, Wolf, Manee Phayabat"
Ranchrawee Uakoolwarawat,No info,No info,Reparto,"Chinatown Chacha, Classic Again, Tricky in Love"
Gee Sutthirak Subvijitra,No info,No info,Reparto,"Switch On, 4 Kings 2, Classic Again"
Kyla Garcia,No info,1 premio y 1 nominación,"Reparto, Guion, Producción","Las chicas del cable, Agentes de S.H.I.E.L.D., Time Capsule"
Phillip Garcia,24 de mayo de 1988,No info,Reparto,"Sprung, Scandal, Mentes criminales"
John Lehr,25 de noviembre de 1967,No info,"Reparto, Guion, Producción","10 Items or Less, Quick Draw, La cosa más dulce"
William C Cole,No info,No info,"Reparto, Guion, Producción","Café Daughter, Eaux Turbulentes, Northern Rescue"
Stephanie Aubertin,No info,No info,"Reparto, Equipos adicionales, Producción","Eaux Turbulentes, Unsettled, Trickster"
Ye Gao,No info,4 premios y 5 nominaciones,"Reparto, Dirección de la segunda unidad o asistencia a dirección","La eliminación, Li xiang zhi cheng, Di er shi tiao"
Johnny Huang,30 de noviembre de 1992,11 premios y 11 nominaciones,"Reparto, Producción, Música","Hong hai xing dong, Fa zui, Po bing xing dong"
Sichun Ma,14 de marzo de 1988,8 premios y 25 nominaciones,"Reparto, Banda sonora","Zuo er, Qi yue yu an sheng, Cheng Hong Nian Dai"
Moa Gammel,6 de octubre de 1980,3 nominaciones,"Reparto, Dirección, Casting","Déjame entrar, Tack för senast, Irene Huss"
Madeleine Martin,No info,1 premio y 1 nominación,"Reparto, Dirección de la segunda unidad o asistencia a dirección","På din story, Alive, Riverside"
Trine Wiggen,No info,2 nominaciones,"Reparto, Equipos adicionales","En folkefiende, Varg Veum - Flores amargas, Cold Prey 3"
Sebastian Urzendowsky,28 de mayo de 1985,5 premios y 2 nominaciones,"Reparto, Dirección, Guion","Camino a la libertad, Mitten in Deutschland: NSU, Der Turm"
Blanche-Neige Huri,No info,No info,Reparto,No info
Patrick Descamps,13 de julio de 1956,2 nominaciones,"Reparto, Banda sonora","Escapando, Section Zéro, La memoria del asesino"
Achyut Prashast Singh,20 de agosto de 1999,No info,"Guion, Dirección, Producción","Taapmaan, Vishwavijay, Himaang"
Gabriel Bateman,10 de septiembre de 2004,No info,"Reparto, Banda sonora","Nunca apagues la luz, Muñeco diabólico (Child's Play), Salvaje"
Elisha Henig,30 de octubre,2 nominaciones,"Reparto, Guion, Music Artist","The Drop, The Sinner, Mythic Quest: banquete de cuervos"
Deborah Zoe,1 de octubre,No info,Reparto,"The Guiding Light, Pensacola: Alas de oro, Bones"
Steve Fitzgerald,No info,No info,Reparto,No info
Samira Nabie,No info,No info,Reparto,No info
Christoph Niemann,No info,No info,Reparto,No info
James Abrams,No info,11 premios y 18 nominaciones,"Edición, Dirección, Producción","A Tiger in the Subway, Hound, Sentinel: Or Mythology and Methodology"
Frank Mosley,26 de septiembre de 1983,4 premios y 9 nominaciones,"Reparto, Dirección, Producción","Freeland, The Event, The Ghost Who Walks"
Matthew Shaw,No info,No info,"Reparto, Composición","Dipso, Tormenting the Hen, The Chosen One"
Makrand Deshpande,6 de marzo de 1966,1 premio y 1 nominación,"Reparto, Guion y continuidad, Guion","Sarfarosh, Hanan, Jailer"
Manjari Fadnnis,10 de julio de 1984,2 premios y 5 nominaciones,"Reparto, Banda sonora","Jaane Tu... Ya Jaane Na, Rok Sako To Rok Lo, Subhapradam"
Priyadarshan Jadhav,No info,2 nominaciones,"Reparto, Guion, Dirección","Choricha Mamla, Maska, Jaago Mohan Pyare"
Sami Bouajila,26 de mayo de 1966,9 premios y 3 nominaciones,"Reparto, Banda sonora","Estado de sitio, Drôle de Félix, Bik Eneich: Un fils"
Eriq Ebouaney,3 de octubre de 1967,1 nominación,Reparto,"3 días para matar, El reino de los cielos, Transporter 3"
Samy Seghir,No info,No info,Reparto,"Noche de venganza, 7 días en Entebbe, La tierra y la sangre"
Emalie Noelani,No info,No info,"Reparto, Dirección de casting, Producción","Magnum, The Marry Me Pact, ATL Homicide"
Alex May,No info,No info,"Equipos adicionales, Reparto, Producción","Tenebra, Tenebra: Countdown, Rejuvenation"
Wayne Wilkins,No info,No info,"Reparto, Guion, Producción","Get the Bag, Land Heist, Unit Eleven"
Jessica Barden,21 de julio de 1992,1 premio y 4 nominaciones,Reparto,"Hanna, Lejos del mundanal ruido, Langosta"
Michael McKean,17 de octubre de 1947,10 premios y 27 nominaciones en total,"Reparto, Dirección, Composición","This Is Spinal Tap, Un poderoso viento, El juego de la sospecha (Cluedo)"
Marcia Gay Harden,14 de agosto de 1959,11 premios y 39 nominaciones en total,"Reparto, Producción","Mystic River, La niebla de Stephen King, Pollock. La vida de un creador"
Hai-Qing,12 de enero de 1978,17 premios y 31 nominaciones,Reparto,"Hong hai xing dong, Xiao huan xi, Xi Fu De Mei Hao Shi Dai"
Liang Jingdong,No info,1 nominación,"Reparto, Dirección de arte, Diseño de producción","Más allá de las montañas, Naturaleza muerta, Pickpocket"
Yu Zhang,No info,4 premios y 17 nominaciones,Reparto,"An elephant sitting still, Wo bu shi yao shen, Wu ming zhi bei"
Li Ma,28 de junio de 1982,15 premios y 9 nominaciones,"Reparto, Producción","Zhe ge sha shou bu tai leng jing, Du xing yue qiu, Xiu xiu de tie quan"
Zhiyong Zhang,No info,No info,Reparto,"Manchurian Tiger, The Kidnapping, Xi huan gao xing ai"
Shawn Yue,13 de noviembre de 1981,3 premios y 9 nominaciones,"Reparto, Banda sonora","Juego sucio, Juego sucio 2, Yat nim mou ming"
Jessie Li,5 de diciembre de 1992,8 premios y 4 nominaciones,"Reparto, Equipos adicionales","Dap huet cam mui, Héctor y el secreto de la felicidad, Guai wu xian sheng"
Kara Wai,3 de febrero de 1960,30 premios y 22 nominaciones,Reparto,"Dragón, Hang wan si ngo, Las garras de la Tigresa"
Xian Li,19 de octubre de 1991,11 premios y 10 nominaciones,"Reparto, Banda sonora","Qin ai de, re ai de, He shen, Jian wang chao"
Julian Ben David,No info,No info,Reparto,No info
Lucas Haynes,No info,No info,"Reparto, Dirección, Guion","White Odourless Bitter, Donde viven los monstruos, Sunny Side of the Street"
James Hewison,No info,No info,"Producción, Reparto, Guion","Nitram, Warm Blood, Carnation"
Astrid Bergès-Frisbey,26 de mayo de 1986,3 premios y 2 nominaciones,Reparto,"Rey Arturo: La leyenda de Excalibur, Orígenes, Piratas del Caribe: En mareas misteriosas"
James Thierrée,No info,3 premios y 2 nominaciones,"Reparto, Dirección, Música","Tabac Rouge, Monsieur Chocolat, Les illusions"
Anouk Grinberg,20 de marzo de 1963,5 premios y 4 nominaciones,Reparto,"Mi hombre, La fille du magicien, Sale gosse"
Patrick Anthony,No info,No info,Reparto,No info
Robert Ball,No info,No info,"Reparto, Equipos adicionales",No info
Lisa Banks,No info,No info,Reparto,No info
Morgan Saylor,26 de octubre de 1994,2 nominaciones,Reparto,"Derribad al hombre, Homeland, White Girl"
Ben Rosenfield,1 de agosto de 1992,1 nominación,"Reparto, Guion, Producción","6 Years, Boardwalk Empire, Twin Peaks"
Carrie Cohen,No info,No info,Reparto,"Skeletons, El ladrón, su esposa y la canoa, Hungry Joe"
Ian Reddington,25 de septiembre de 1957,3 nominaciones,"Reparto, Producción","Los inmortales, Zoe and the Astronaut, Los hermanos Sisters"
Neil Summerville,No info,No info,Reparto,"The Brink, Bloody Cakes, Trumped"
Daniel Faraldo,4 de noviembre de 1949,1 premio y 4 nominaciones,"Reparto, Guion, Producción","Mayans M.C., Bounty Hunters, Mentes criminales: Sin fronteras"
Isak Férriz,20 de junio de 1979,3 premios y 1 nominación,Reparto,"El cuerpo en llamas, Infiesto, Gigantes"
Yolanda Sey,No info,No info,"Reparto, Banda sonora","By Any Means, Still Here, Asfalt"
Brian Geraghty,13 de mayo,3 premios y 10 nominaciones,"Reparto, Producción, Banda sonora","En tierra hostil, Bobby, El vuelo (Flight)"
Sharon Leal,17 de octubre de 1972,3 nominaciones,"Reparto, Producción, Banda sonora","Dreamgirls, Addicted, Profesores de Boston"
Bethany Joy Lenz,2 de abril de 1981,7 nominaciones,"Reparto, Dirección, Producción","Dexter, Pearson, Anatomía de Grey"
Ovidiu Crisan,No info,No info,"Reparto, Composición","No identificado, Berliner, La madre"
Ion Sapdaru,No info,3 premios y 2 nominaciones,Reparto,"4 meses, 3 semanas, 2 días, 12:08 al este de Bucarest, Afacerea Est"
Shukraidin Asenov,No info,No info,No info,No info
Iliya Ilchev,No info,No info,No info,No info
Muhamed Kyamil,No info,No info,No info,No info
John White,No info,No info,Reparto,No info
Kate Tickle,No info,No info,Reparto,"Killer Bitch, Choice, Zombie Run"
SarahTonin,No info,No info,Reparto,"The Blazing Cannons, Films Confiscated from a French Brothel, Cucumber"
Aris Servetalis,21 de diciembre de 1976,4 premios y 5 nominaciones,Reparto,"The Waiter, Alps, Apples"
Sofia Georgovassili,No info,2 premios y 7 nominaciones,"Reparto, Dirección, Guion","Proetoimasia, Mavro livadi, Anamniseis mias efivikis kataigidas"
Anna Kalaitzidou,No info,No info,Reparto,"Canino, Eteros ego, I anazitisi tis Lora Dourand"
Tiffany Vordjorbe,No info,1 premio,Reparto,No info
Anthony Barker,No info,1 premio,"Reparto, Dirección de la segunda unidad o asistencia a dirección, Dirección de casting","Jericho, Ticking Hearts, Precinct 757"
Frances Owens,No info,No info,Reparto,"Precinct 757, Historias de ultratumba, Thanksgiving with the Carters"
Michele Abascal,No info,No info,Reparto,"Conversaciones, La erección de Toribio Bardelli, Contar el amor"
Christopher Aguilasocho,No info,No info,"Reparto, Equipos adicionales","El color de la pasión, Buscando a Mar, Mi lista de exes"
Tato Alexander,No info,1 premio,Reparto,"El Aire es Dulce Aquí, Negociando con mi mujer, Almas de la Niebla"
Lily Brown Griffiths,No info,No info,Reparto,"Queen of Oz, Brothers from Malta, The Gift That Gives"
Craig Walker,13 de noviembre,2 premios,"Reparto, Guion, Dirección de producción","Queen of Oz, Atomic Kingdom, El amor está en el aire"
Robin Royce Queree,No info,2 premios,"Reparto, Producción, Dirección","Life's a Drag, Australia, Gabriel"
Lena Urzendowsky,2000,10 premios y 2 nominaciones,"Reparto, Guion, Dirección","El despertar de Nora, Der große Rudolph, Das weiße Kaninchen"
Jella Haase,27 de octubre de 1992,13 premios y 9 nominaciones,"Reparto, Producción","¡Que te den, profe!, ¡Que te den, profe! 2, Kleo"
Lena Klenke,25 de diciembre de 1995,2 premios y 1 nominación,Reparto,"Victoria, ¡Que te den, profe!, ¡Que te den, profe! 2"
Matt Szakal,No info,No info,"Guion, Dirección, Reparto","Hara-Kiri, Crow, Road Runner"
Josh Bzura,No info,No info,"Reparto, Producción, Composición","Camp Murder, Saturnalia, Crow"
Justin Mane,28 de marzo de 1988,1 premio y 1 nominación,"Reparto, Especialistas, Casting","Crow, American Rust, Detroit"
Marianne Steinsrud,No info,No info,"Reparto, Producción",No info
Aron Ødegård,No info,No info,Reparto,No info
Jan Wehrmann,No info,No info,Reparto,"Askedager, Traicionados, Kongsvikfamiliene"
Taranjit Kaur,No info,1 premio,"Reparto, Guion, Producción","Ankhon Dekhi, Airlift, Kahaani"
Richard Bradford,10 de noviembre de 1934,No info,Reparto,"Los intocables de Eliot Ness, La leyenda de Billie Jean, Más American Graffiti"
Ron Randell,8 de octubre de 1918,No info,Reparto,"Rey de reyes, Bésame, Kate, Bulldog Drummond Strikes Back"
Anton Rodgers,10 de enero de 1933,No info,"Reparto, Banda sonora","Un par de seductores, El mercader de Venecia, El cuarto protocolo"
Saswata Chatterjee,19 de diciembre de 1970,8 nominaciones,"Reparto, Música","Kahaani, El infiltrado, Dil Bechara"
Nandita Das,7 de noviembre de 1969,14 premios y 22 nominaciones,"Reparto, Animación, Dirección","Firaaq, Fuego (Fire), Manto"
Kaushik Sen,19 de septiembre de 1968,1 premio y 1 nominación,Reparto,"Lion, Aamaar Bhuvan, Byomkesh Pawrbo"
Michael B. Jordan,9 de febrero de 1987,44 premios y 89 nominaciones en total,"Reparto, Producción, Dirección","Black Panther, Creed. La leyenda de Rocky, Fruitvale Station"
Aaron Davis,No info,No info,Reparto,"People of Earth, Fahrenheit 451, Incorporated"
Cindy Katz,No info,No info,Reparto,"Heat, Sin límites, La edad de la inocencia"
Sanaa Lathan,19 de septiembre de 1971,12 premios y 29 nominaciones en total,"Reparto, Producción, Dirección","Alien vs. Predator, Love & Basketball, Algo nuevo"
Ricky Whittle,23 de noviembre de 1981,1 premio y 5 nominaciones,Reparto,"En tierra de Jane Austen, Hollyoaks, American Gods"
Lyriq Bent,3 de enero de 1974,1 premio y 3 nominaciones,"Reparto, Producción, Guion","Acrimony, Nola Darling, El libro de los negros"
Aaron Taylor-Johnson,13 de junio de 1990,7 premios y 25 nominaciones en total,"Reparto, Producción, Guion","Kick-Ass: Listo para machacar, Nowhere Boy, Animales nocturnos"
Billy Bob Thornton,4 de agosto de 1955,32 premios y 57 nominaciones en total,"Reparto, Guion, Dirección","El otro lado de la vida, Un plan sencillo, El hombre que nunca estuvo allí"
Odessa Young,6 de marzo de 1998,10 premios y 3 nominaciones,"Reparto, Banda sonora","Richard dice adiós, Nación salvaje, Shirley"
Alex Pettyfer,10 de abril de 1990,7 premios y 8 nominaciones,"Reparto, Producción, Dirección","Magic Mike, Elvis & Nixon, In Time"
Jennifer Morrison,12 de abril,10 premios y 17 nominaciones,"Reparto, Producción, Dirección","House, Érase una vez, Star Trek"
Nicola Peltz Beckham,9 de enero de 1995,2 premios y 4 nominaciones,"Reparto, Dirección, Guion","Lola, Bienvenidos a Chippendales, The Obituary of Tunde Johnson"
Dayana Esebe,No info,No info,Reparto,"Rich Flu, Ima, Coloré"
Herilia Mabwisi,No info,No info,Reparto,"Le griot Tshilanda, Heart of Africa, Menace Commune"
Eddie Muanza,No info,No info,Reparto,No info
Plotin Dianani,No info,No info,Reparto,"Maki'la, Après coup, Kadogo"
Donald MacLean Jr.,No info,No info,"Reparto, Guion, Producción","Bummed, Blumhouse. Jóvenes y brujas, La Facción Octubre"
David Buchanan,No info,No info,"Reparto, Dirección de fotografía y cámara, Sonido","2 Finesse, Becky, Another Period in Time"
Teresa Edwards,No info,No info,"Producción, Reparto, Edición","Brotherly Love, Brotherly Love, High Stakes Game"
Tenéa Miller,No info,No info,Reparto,No info
Shemss Audat,No info,No info,Reparto,"Aïcha, No Limit, Interpol"
Christophe Bouquet,No info,No info,Reparto,No info
Jan Kounen,No info,2 premios y 2 nominaciones,"Dirección, Guion, Reparto","Blueberry: La experiencia secreta, Vibroboy, 8"
Nick Puya,No info,No info,Reparto,"Flamingo Heist, The Critic, Creator(s)"
Brandon Scott,No info,No info,Reparto,No info
Alex Kingsman,No info,No info,"Reparto, Guion, Dirección de casting","Dracul, The Untold Story of William Omega, Form 1"
Arash Aasefi,No info,1 nominación,Reparto,"Rastakhiz: Rooze Rastakhiz, Emkane Mina, When I Became a Butterfly"
Arefeh Akbari,No info,No info,Reparto,"When I Became a Butterfly, To Va Man, Ghessehaye Sajjad"
Azarmidokht Azizi,No info,No info,Reparto,No info
Robert T. Cunningham,No info,No info,"Reparto, Guion, Dirección de casting","Mamá y papá, Knives and Skin, The Big Leap: El gran salto"
Ross Turkington,No info,No info,Reparto,"Better Days, Helga, At the Crossroads Down Yonder"
Ainaz Azarhoush,No info,No info,Reparto,"Mahi va gorbeh, The Paternal House, Khook"
Juan Hasan,No info,No info,Reparto,No info
Ilana Azria,No info,No info,Reparto,"Fujisan, Rebirth, Flamboyante"
Jeremy DeJesus,No info,No info,"Arte, Reparto","God Forgive Us, Captive, Flamboyante"
Yohan Doto,No info,No info,Reparto,No info
Clayne Crawford,20 de abril de 1978,6 premios y 8 nominaciones,"Reparto, Producción, Dirección","Un paseo para recordar, Arma letal, El perfecto anfitrión"
Jen Nikolaisen,No info,No info,"Reparto, Producción","Mujercitas, Un plan irresistible, Navy: Investigación criminal"
Alex Bodine,No info,No info,"Especialistas, Reparto, Equipos adicionales","El paraíso perdido, Permanent Press, Masterpiece"
Julia Crytser,No info,No info,"Cámara y electricidad, Reparto, Edición","Midnight Runner, When We Were Young, Chester"
Jesse Perry,No info,No info,Reparto,No info
Faranak Moradi,No info,17 premios y 3 nominaciones,"Dirección, Reparto, Guion","M Like Mobius, Mirror, I zohreh"
Vico Escorcia,14 de junio de 1996,1 premio y 3 nominaciones,Reparto,"Los crímenes de Mar del Norte, Eddie Reynolds y Los Ángeles de Acero, Firma aquí"
Jacob Vargas,18 de agosto de 1971,4 premios y 8 nominaciones,"Reparto, Producción","Sr. Iglesias, Hijos de la anarquía, Traffic"
Joseph Gordon-Levitt,17 de febrero de 1981,26 premios y 76 nominaciones en total,"Reparto, Producción, Guion","Origen, Looper, Don Jon"
Alfredo J. Ruiz,No info,No info,Reparto,No info
Reid Suttles,No info,No info,"Reparto, Dirección, Dirección de fotografía y cámara","Perfect Timing, The Cherry Orchard, Dead Weight"
Sophie Leonard,No info,No info,Reparto,"Platónico, Fantasy Island, Alex/October"
Charlotte Hensley,No info,No info,Reparto,No info
Dolores Heredia,6 de octubre de 1966,3 premios y 8 nominaciones,"Reparto, Banda sonora","En el punto de mira, Santitos, Vacaciones en el infierno"
Kristyan Ferrer,14 de febrero de 1995,5 premios y 4 nominaciones,"Reparto, Banda sonora","Sin nombre, Good Day, Ramon, 600 Millas"
Juan Pablo de Santiago,No info,3 nominaciones,"Reparto, Dirección de la segunda unidad o asistencia a dirección","Voy a explotar, Sueño en otro idioma, Luna negra"
Jacob Betts,No info,No info,"Reparto, Dirección, Guion","TorchQuest, Brotherly Lies, Ominous Thrill"
Olive Jane Lorraine,No info,No info,"Reparto, Guion, Dirección","Jelly, Day by Day, Honey"
Safe Bashir,No info,No info,Reparto,No info
Alex Bidal Charles,No info,No info,Reparto,No info
West Patawa Charles,No info,No info,Reparto,No info
Christopher Howe,No info,No info,Reparto,No info
Drew Kutnick,No info,No info,Reparto,"Alive: A New Life Program, The Vixen of Vengeance, Alive 2: Immoral Choices"
Brian Nelson Jr.,No info,2 premios y 1 nominación,"Reparto, Dirección, Guion","Marbles, The Talented Tenth, Chicago P.D."
Ailbhe Cowley,No info,No info,Reparto,"Vikingos: Valhalla, Flora y su hijo Max, Barber"
Alex Deegan,No info,1 premio y 2 nominaciones,Reparto,"First Disco, Flora y su hijo Max, The Sniper's Daughter"
Tony Doyle,No info,1 nominación,"Reparto, Dirección, Guion","Sing Street, Guard Up, Match"
Darbha Appaji Ambarisha,No info,No info,Reparto,"Karthikeya 2, K.G.F: Chapter 2, Radhe Shyam"
Prasad Chandekar,No info,No info,Reparto,No info
Mahesh Pawan,No info,No info,Reparto,No info
Daniel Curalli,No info,No info,Reparto,"Newsman, Forget Me Not, Loading Dock"
Wynn Siu,No info,No info,Reparto,"Motherboard, Bunny Man, Snatch Me Good"
Emilie Aldersjøen,No info,No info,Reparto,No info
Aleksander Sylvan,No info,No info,"Reparto, Producción","Oculi - Det eneste vitnet, Utdrikningslaget, Flus"
Christoffer Nilsson,No info,No info,"Reparto, Equipos adicionales","Thomas mot Thomas (en sensasjonell teori om det ubetydelige livet i multiverset), Raspberry1508, Oculi - Det eneste vitnet"
Andrew Martin,No info,1 nominación,Reparto,"The Incredible 25th Year of Mitzi Bearclaw, The Fields of Dying Rabbits, Fire Song"
Kristen Martin,No info,No info,Reparto,No info
Azdin Zaman,No info,No info,"Reparto, Equipos adicionales","Utopia Falls, Orphan Black, Bella y bestia"
Markos Renieris,No info,No info,"Reparto, Banda sonora",No info
Robin Antoinette,No info,No info,Reparto,"EnVz Studios: When He Changed My Name, Ashes That Swarm, Halloween Kickback"
Kingston Beacham,No info,No info,Reparto,No info
Kimberly Brooks,No info,No info,No info,No info
Barun Chanda,30 de mayo de 1945,No info,"Reparto, Casting","El vuelo de los ladrones, Chorabali, Lootera"
Dipanwita,No info,No info,Reparto,"Maa Amar Maa, Rupkothar Kahini, Sanjher Baati"
Diana Danielle,No info,1 premio y 4 nominaciones,Reparto,"Sembunyi: Amukan Azazil, Hanyut, Imaginur"
Nur Fazura,No info,1 premio y 5 nominaciones,"Reparto, Banda sonora","Manisnya Cinta di Cappadocia, Gol & Gincu, Kami Histeria"
Nicholas Teo,No info,1 nominación,"Reparto, Banda sonora","Wu Di Shan Bao Mei, A Thousand Goodnights, Rhapsody in Blue"
Luke Dorsey,No info,No info,Reparto,"Young Grandpa, Lucid, Heard"
Tosin Buraimoh,No info,No info,Reparto,No info
Tina Chukwura,No info,No info,"Reparto, Producción, Guion","Desecrated, Saboa, Father of Today"
O'Femi Familoye,No info,No info,"Edición, Dirección, Dirección de fotografía y cámara","What If?, Love Is Enough, Dear Sister"
Jacob Anderton,No info,4 premios y 4 nominaciones,"Reparto, Producción, Dirección de la segunda unidad o asistencia a dirección","Lore, Give Them Wings, The Pay Day"
Rosie Dunjay,No info,No info,"Reparto, Dirección de la segunda unidad o asistencia a dirección, Guion","Skin is Waterproof, Circle of Shadows, Call Me Back"
Alexander Geil,6 de noviembre de 2003,No info,"Reparto, Edición, Dirección","Tranquility - An Independent Film, Tranquility: Ghost Stories, The Black Horse - A Post Apocalyptic Short"
Gabriel Arricelli,No info,No info,Reparto,No info
Alexis Bauer,No info,No info,Reparto,No info
Laetitia Bauer,No info,No info,Reparto,No info
Sharayu Mahale,No info,9 premios y 5 nominaciones,"Reparto, Producción, Arte","Attaway General, Unmothered, Severance"
Braxton Michael,No info,1 premio,"Reparto, Dirección","Swamp, The Comedy News Hour, Oh Brother Felch Films"
Hellene Alabi-Williams,No info,2 nominaciones,"Reparto, Guion, Dirección",No info
Neils Williams,No info,1 premio y 2 nominaciones,"Guion, Edición, Producción",No info
Sagirah Young,No info,No info,Reparto,"African Twist, Stay, Pimpstress"
Joshua Haynes,No info,1 nominación,"Reparto, Dirección de la segunda unidad o asistencia a dirección","M.I.High, The Last Day Residing in Flat 2/2, The Film-Maker's Son"
Saul Davidson,No info,No info,Reparto,"Floored, UFO, Shed"
Cameron Christie,No info,No info,"Dirección, Reparto, Guion",No info
Victor Neri,No info,2 premios y 4 nominaciones,"Reparto, Banda sonora","A Short History of a Few Bad Things, Filipinas, BuyBust"
Jay Gonzaga,No info,1 nominación,"Reparto, Cámara y electricidad","Huling palabas, Ang probinsyano, Sakaling hindi makarating"
Publio Briones III,No info,1 premio y 6 nominaciones,"Reparto, Banda sonora","Confessional, A Short History of a Few Bad Things, Wanted: Border"
Adesola A. Osakalumi,No info,1 nominación,"Reparto, Equipos adicionales","Marido por sorpresa, Across the Universe, Escuela de rock"
Mark Cayne,No info,No info,Reparto,"FBI: Most Wanted, Herida, Ley y orden: Unidad de Víctimas Especiales"
Okanjobi Osakalumi,No info,No info,Reparto,No info
Alice Howell,No info,No info,"Reparto, Guion, Dirección","Crazy Fun Park (Serie de TV), Gente de barrio, Critical"
Jeffery Richards,No info,2 nominaciones,"Reparto, Edición, Producción","Devils Elbow, Bluebird, Blue Heelers"
Paloma Mariscal,No info,No info,"Reparto, Producción","Tu sigue que ya veras, Coulda, Woulda, Shoulda, Nervios de boda"
Paloma Mariscal,No info,No info,Reparto,"Territory, Rock Band vs Vampires, Flipante Noa!"
Juan Burgaleta,No info,No info,Reparto,"El Ministerio del Tiempo, Un cuerpo en venta, Cross the Line"
Caitlin Herst,No info,No info,"Reparto, Equipos adicionales","Just the Vampire Hunter, Vengeance at Yellow Creek, Beta"
L'Metrius Long,No info,No info,Reparto,No info
Kôta Fuji,No info,No info,"Reparto, Producción","Sakura, 125 Years Memory, The Drifting Post"
Miki Kamioka,No info,No info,Reparto,"Riaru: Kanzen naru kubinagaryû no hi, Naratâju, Joshi no jiken wa taitei toilet de okorunoda Part 1"
Daisuke Nagakura,No info,No info,Reparto,"Big Man Japan, Gachiban Worst Max, Urutoraman Tiga"
Tommy Dysart,24 de diciembre de 1935,No info,Reparto,"El hombre de Río Nevado, Prisoner, Contra el viento"
Seann William Scott,3 de octubre de 1976,5 premios y 8 nominaciones,"Reparto, Producción, Guion","American Pie, American Pie: ¡Menuda boda!, American Pie 2"
Clifton Collins Jr.,16 de junio de 1970,9 premios y 14 nominaciones en total,"Reparto, Producción, Dirección","Star Trek, Truman Capote, Traffic"
Steve Lemme,13 de noviembre de 1968,No info,"Producción, Guion, Reparto","Supermaderos, Club Desmadre, La fiesta de la cerveza: ¡Bebe hasta reventar!"
Louis-Philippe Desjardins,No info,No info,Reparto,"Chaos au camping!, Spice, Spice du Jour - Rencontre avec Nathan Bright B.C"
Simon Blachette,No info,No info,Reparto,No info
Harry Duff-Walker,No info,No info,Reparto,"The Mind's Eye, Concrete Pillow, The Man in the Suit"
Faustine Ghislain,No info,No info,Reparto,"The Mind's Eye, Captive, Dark Room"
Harrison Kendall,No info,No info,"Reparto, Dirección, Guion",No info
Vlad-Paul Ghilas,No info,No info,"Producción, Equipos adicionales, Dirección","Your Reality, Young, Young Men, Werewolf Santa"
Masashi Kawamata,No info,1 nominación,"Reparto, Guion, Dirección","Hibana no kioku, Error, Out"
Rosario Pardo,No info,5 premios y 4 nominaciones,"Reparto, Dirección, Guion","Cuéntame cómo pasó, Un billete a Nunca Jamás, Hubo un lugar"
Antonio Valero,24 de agosto de 1955,2 premios y 2 nominaciones,Reparto,"La forja de un rebelde, El color de las nubes, El hombre nervioso"
Stacey Bernstein,No info,No info,"Reparto, Dirección, Guion","Soul Connections, Wake-Up Call, The Audition"
Martina Biskupovic,No info,No info,Reparto,"Rattlesnake Point, Stalkers, Ghost Unicorn"
Jhony Elchoufani,No info,No info,Reparto,No info
Barbara-Audrey Bergeron,No info,No info,"Reparto, Guion, Localización","Monster Hunters, House of Britney, A Piece of Me"
Lena Burmenko,No info,15 premios y 18 nominaciones,"Reparto, Producción, Guion","Marked, Man of the Year: A Chester Sky, Exorcism"
John Krissilas,No info,21 premios y 19 nominaciones,"Producción, Dirección, Reparto","Marked, Man of the Year: A Chester Sky, Mulberry Lane"
Missy Cross,No info,1 nominación,"Reparto, Dirección de la segunda unidad o asistencia a dirección, Guion y continuidad","She Who Must Burn, White Raven, El juego de los extraños"
Emma Jean Forth,No info,No info,Reparto,No info
Scott Keith,No info,No info,"Reparto, Dirección de fotografía y cámara","The Big Pop, Going Places, Digging for Shovels"
Heather Bowry,No info,No info,"Reparto, Dirección, Producción","Going Places, Wisp, The Big Pop"
Charles Donnelly,No info,No info,Reparto,"The Clan, Taggart, Jessie and the Elf Boy"
Iona,No info,No info,"Reparto, Equipos adicionales","Ra, Yagai play: Nozoki no nureba, Use the Eyeballs!"
Kôhei Nagano,No info,No info,Reparto,"Tsuyogari caponata, Bra to panty: Hentai ga ippai, Zetsurin tantei DX: Ai to in'yoku no baibu"
Ruby Nakamura,No info,No info,Reparto,"Gôsuto sukuwaddo, Onsen shikabane geisha, Disgraced Heaven"
Jessica Munna,No info,1 premio,"Reparto, Edición, Dirección","Guest, Democracy At Its Finest, Chin Up!"
Ariell Fletcher,No info,No info,Reparto,No info
Mitchell Hatter,No info,No info,"Reparto, Producción, Equipos adicionales","The Pseudo Shanghai, The Ugly Rug, Pool"
Chris Muckey,No info,No info,Reparto,"The Salience Project, Gufors, Book of Choices"
Joey Burke,No info,No info,"Reparto, Dirección, Guion","Artificial Intelligence, A Child's Voice, Stolen"
Jasmin Ottenburg,No info,No info,Reparto,"Judwaa 2, Jab Harry Met Sejal, Balakrishnudu"
Jacob Thomas,No info,No info,"Reparto, Producción, Guion","Bonnie and Clyde, The Wolf of Guacotle, Artificial Intelligence"
Kimmie Companik-Warner,No info,No info,Reparto,No info
Will Ferris,No info,No info,Reparto,No info
Eric Fretty,No info,No info,"Cámara y electricidad, Reparto, Producción","Justice Mathers, I'm Not a Screw Up, Mark Normand: Soup to Nuts"
Paul Carpenter,No info,No info,"Reparto, Dirección de producción","The Division: Agent Origins, Adindu, The Stanley Parable"
Claire Epting,No info,No info,"Reparto, Diseño de vestuario","The Lunch Box, The Everything Now Show, Alliances"
Kate McIntyre,No info,1 nominación,"Reparto, Guion, Dirección","Life's a Banquet - Let's Eat, City of Trees, Memio"
Jason Korfiatis,No info,No info,"Reparto, Dirección","Maybe This Time, Jack in the Box, Bank Robbery Student Film"
George Pana,No info,No info,Reparto,"The Dealer, Jack in the Box, Kill All My Friends"
Michael Pendrigh,No info,No info,Reparto,"Why Me?, You're It, Man of the Sesh"
Yaroslav Kozak,No info,1 nominación,"Reparto, Producción, Vestuario","Vedro, Komunalne, Nos"
Kirill Mieliekiestsev,No info,No info,"Reparto, Guion, Producción","Vedro, Fufay: A Tragic Story, In Case You Were Wondering on Which OS Most ATM's Work"
Ilya Sinelnikov,No info,No info,"Reparto, Arte, Vestuario","Errors in Geography: Geodesy - Irpen Inspires 2B Creative, Komunalne, The Worst Batman Fanfilm Ever... Period"
Amber Anderson,5 de marzo de 1992,1 premio,"Reparto, Producción, Banda sonora","Caballeros, princesas y otras bestias, Emma., White Lie"
Jon Digby,No info,1 premio,"Reparto, Guion, Dirección","We Are Lady Parts, Britannia, 9862"
Nathan Harmer,No info,No info,Reparto,"Kombat Opera Presents, Sherlock, Shakespeare & Hathaway: investigadores privados"
Drew Connick,No info,1 premio y 1 nominación,"Reparto, Guion, Dirección de arte","Teddy, Out of Tune, Blue, Candy Mountain"
Samuel Ely,No info,No info,"Guion, Localización, Cámara y electricidad","The Very Exciting Large Budget Adventures of Johnny the Black Lego, The Trail, The Love Story of Kosher"
Cade Young,No info,No info,Reparto,No info
Rebecca Fitch,No info,No info,Reparto,No info
Jon Escobar,No info,No info,"Dirección, Guion, Reparto","Red Cloth, Jonny's Cooking Garage, Musical Junkie"
Kathy Karagounis,No info,No info,"Reparto, Diseño de vestuario",No info
Chris Blanchard,No info,No info,Reparto,No info
Austin Parks,No info,No info,Reparto,"Ecstasy: Teaser Trailer, Second Chances, Around the Corner"
Madison White,No info,No info,Reparto,"TMI Hollywood, Irrational, Tried and True"
Matthew Griffin,No info,No info,Reparto,No info
Jesse Lamar High,No info,2 premios y 6 nominaciones,"Dirección, Guion, Edición","The Shins: Half a Million, Lushlife: Magnolia, I (Don't) Love U"
Metta World Peace,13 de noviembre de 1979,No info,"Reparto, Producción, Guion","En qué piensan los hombres, Waking, 5th Down"
Zeynep Aydin,No info,No info,Reparto,No info
Naz Yilmaz,No info,No info,Reparto,No info
Yannick Dietze,No info,No info,Reparto,No info
Alex Wood,No info,3 premios,Reparto,"Drinking the Red Soda, Blank Frank, Jeremiah's Woods"
J. Gabriel Wagner,No info,3 premios,"Reparto, Dirección de la segunda unidad o asistencia a dirección","Drinking the Red Soda, Blank Frank, American Licorice"
Joe Zumba,No info,4 premios,"Reparto, Guion, Dirección","SirCooly's Dank Trip, Drinking the Red Soda, Three Calls"
Isaac Domingos,No info,No info,Reparto,"Animales fantásticos: Los crímenes de Grindelwald, El crimen es lo suyo, Au Revoir Paris"
Ethan Poaty,No info,No info,Reparto,No info
Kevin Yee,No info,1 premio y 1 nominación,"Reparto, Guion, Dirección","Dickinson, Comedy Invasian, About A Short Film"
Rob Keller,No info,1 premio y 1 nominación,"Reparto, Producción, Guion","Bella y bestia, The Job Interview, What Is Comedy?"
Dean David,No info,No info,Reparto,"Experimenter: la historia de Stanley Milgram, McGregor's Medal, Breathless"
Robert di Scipio,No info,No info,"Reparto, Equipos adicionales","Rock of Ages. La era del Rock, Doc Plague & The Truth Fairy, All God's Children"
Joseph Holmes,No info,No info,"Producción, Guion, Dirección","Matchbreakers, Happy Never After, How to Make Your Passion Project"
Guilherme Chelucci,No info,No info,Reparto,"Haja Coração, Marcas da Vida, Sede de Furia"
Jefferson Mascarenhas,No info,No info,Reparto,No info
Gianmarco Soresi,No info,3 nominaciones,"Reparto, Guion, Producción","Aquí y ahora, Estafadoras de Wall Street, Gianmarco Soresi: Shelf Life"
Lindsay-Elizabeth Hand,No info,1 premio y 3 nominaciones,"Producción, Reparto, Guion","Riding the D with Dr. Seeds: The Webseries, Fault, Gianmarco Soresi: Shelf Life"
Emma Ramos,No info,1 nominación,"Reparto, Guion","New Amsterdam, In the Summers, The Endgame"
Andrea Kfoury,No info,1 premio,"Reparto, Dirección, Producción","Caught Up in the Clouds, Palmetto Pointe, Deleted"
Dean Denham,No info,No info,Reparto,No info
Lucas Hayes,No info,No info,Reparto,"Everything in Between, Lenny In Love, BBQ At High Noon"
Victoria Mantynen,No info,No info,Reparto,"Fateless, Next: Ride the Wave, Next"
Edixon Caridad,No info,1 premio,"Reparto, Dirección, Guion","Todos mis hijos, Texican, All We Know"
Mariana Lilla,No info,No info,"Reparto, Guion, Edición","Cotufas con Limón, Princesa, não, All We Know"
Jeeva,30 de noviembre de 1952,No info,Reparto,"Rangasthalam, Sarkar, Satya"
Krishnudu,No info,No info,"Reparto, Producción","Yeto Vellipoyindhi Manasu, My Boyfriend's Girlfriend, Ye Maaya Chesave"
Sapthagiri,1 de mayo de 1989,1 premio y 3 nominaciones,"Reparto, Dirección de la segunda unidad o asistencia a dirección","Express Raja, Salaar. Part 1 - Ceasefire, Prema Katha Chitram"
Virgil M. Apostol,No info,No info,"Reparto, Arte, Especialistas","Borrowed Vengeance, Hunter: Vampire Killer - The Pitch, Two Nations"
Steven Briggs,No info,No info,"Reparto, Guion, Producción","Larry David (Curb Your Enthusiasm), Creedme, Laff Mobb's Laff Tracks"
Jeffrey John Carisalez,No info,No info,"Reparto, Equipos adicionales","Green Zone: Distrito protegido, Treme, Generation Kill"
Alex Amaral,No info,1 premio,"Reparto, Dirección de casting, Producción","La fría luz del día, Pirilampos, Nódoas"
Mauri de Castro,No info,No info,"Reparto, Dirección de casting","No Coração dos Deuses, Índia, a Filha do Sol, Césio 137 - O Pesadelo de Goiânia"
Hugo Faz,No info,No info,"Reparto, Dirección, Guion","Isolatta, A Filosofia na Alcova, Coxinha II"
Geoffrey Giuliano,11 de septiembre de 1958,No info,"Reparto, Guion, Producción","El juego del calamar, Península, Mechanic: Resurrection"
Jonathan Edmunds,No info,No info,Reparto,No info
Corinna Jane,No info,No info,"Reparto, Equipos adicionales, Dirección","The Shadow of Death, Tape 3, Eric Offline"
Ed Pond,No info,No info,Reparto,"Eric Offline, Takeover, Things I Have to Say"
Pilar Tordera,No info,No info,Reparto,"Verano No Miente, Turno de oficio, Teresa de Jesús"
Juan Carlos Rey de Castro,No info,No info,Reparto,"Solo una madre, Señores Papis, Al fondo hay sitio"
Pamela Sánchez,No info,No info,Reparto,No info
Khalid Al Nuaimi,No info,No info,Reparto,"Grandmother's Farm Part 2, Ghost, Grandmother's Farm"
Nasser Al-Dhahnani,No info,No info,Reparto,No info
Yaser Al-Neyadi,No info,No info,"Reparto, Dirección, Guion","Watermelon Club, Kaimrah, Grandmother's Farm"
Carlisle Forrester,21 de noviembre de 1985,1 premio,"Reparto, Producción","Now or Never, Southern Decadence, Miss Naufragio: Desfila como puedas"
Geraldine O'Rawe,4 de marzo,No info,"Reparto, Guion, Producción","Mariette in Ecstasy, Círculo de amigos, Adoration"
Eva Marie Saint,4 de julio de 1924,12 premios y 13 nominaciones en total,"Reparto, Producción, Banda sonora","La ley del silencio, Con la muerte en los talones, Superman Returns: El regreso"
Tianliu Jiang,No info,No info,"Reparto, Guion","Taitai Wansui, Xiao baiqi de fengbo, Qianfang laixin"
Guiling Wang,No info,No info,Reparto,No info
Ming Wen,No info,No info,Reparto,No info
Edward Norton,18 de agosto de 1969,47 premios y 90 nominaciones en total,"Reparto, Producción, Guion","El club de la lucha, American History X, Las dos caras de la verdad"
Gugu Mbatha-Raw,21 de abril de 1983,10 premios y 30 nominaciones en total,"Reparto, Producción, Banda sonora","Belle, Beyond the Lights, La verdad duele"
Alec Baldwin,3 de abril de 1958,46 premios y 114 nominaciones en total,"Reparto, Producción, Música","Infiltrados, No es tan fácil, The Cooler"
Travis Fimmel,15 de julio de 1979,4 nominaciones,"Reparto, Producción","Warcraft: El origen, Vikingos, Forajidos de Baytown"
Toby Blome,No info,No info,Reparto,"Danger Close: La batalla de Long Tan, The Twelve, Jimpa"
Alexander England,No info,5 nominaciones,Reparto,"Alien: Covenant, Dioses de Egipto, Paper Giants: Magazine Wars"
Sebastian Stan,13 de agosto de 1982,2 premios y 18 nominaciones en total,"Reparto, Producción, Banda sonora","Capitán América: El Soldado de Invierno, Capitán América: Civil War, Capitán América: El primer vengador"
Alison Sudol,23 de diciembre de 1984,No info,"Reparto, Guion, Composición","Animales fantásticos y dónde encontrarlos, Animales fantásticos: Los crímenes de Grindelwald, Animales fantásticos: Los secretos de Dumbledore"
Asher Miles Fallica,No info,1 nominación,Reparto,"Tully, FBI: International, Greener Grass"
Colson Baker,22 de abril de 1990,8 premios y 12 nominaciones,"Reparto, Composición, Dirección","The Dirt, Good Mourning, Proyecto Power"
Erin Ownbey,No info,3 nominaciones,Reparto,"Ozark, Echo, Panhandle"
Douglas Booth,9 de julio de 1992,7 premios y 1 nominación,"Reparto, Guion, Producción","Orgullo + Prejuicio + Zombis, LOL, El destino de Júpiter"
Kelly Macdonald,23 de febrero de 1976,18 premios y 42 nominaciones en total,"Reparto, Banda sonora","No es país para viejos, Gosford Park, Brave (Indomable)"
Garrett Hedlund,3 de septiembre de 1984,4 premios y 9 nominaciones,"Reparto, Producción, Banda sonora","Tron: Legacy, Mudbound, En el camino"
Badger,No info,No info,Reparto,No info
Gary Carr,11 de diciembre de 1986,No info,"Reparto, Banda sonora","Manhattan sin salida, Bolden, Crimen en el paraíso"
Erik LaRay Harvey,No info,1 nominación,Reparto,"Luke Cage, Twister, Boardwalk Empire"
Ian McShane,29 de septiembre de 1942,4 premios y 27 nominaciones en total,"Reparto, Producción, Dirección","Deadwood, Piratas del Caribe: En mareas misteriosas, Blancanieves y la leyenda del cazador"
Zachary Tanaka,No info,No info,Reparto,No info
Justin Smith,No info,No info,Reparto,No info
Omar Hamza,No info,No info,"Dirección, Guion, Dirección de fotografía y cámara","Gacal, Rishai, Kimya"
Darnisha Brown,No info,No info,Reparto,No info
Justin Kausal,No info,No info,Reparto,No info
Nita Chikadze,No info,2 premios y 1 nominación,Reparto,"Voiceless, Jimmy the Hall Monitor, Critical Candle"
Kendall Cato,No info,No info,Reparto,"Killer Profile, Neuroblast, Voiceless"
Kristine Sullivan,No info,No info,Reparto,"Viviendo un engaño, Voiceless, Bring Our Boy Home"
Camara Bomani,11 de mayo de 2000,No info,Reparto,"And Home We Came, Ludere, Run Away, They'll See Us"
Kayla Dixon,No info,No info,Reparto,No info
Zipporah Dorsey,No info,No info,Reparto,"My Friend, I Like War, Ludere, Drones"
Debora Zhecheva,No info,No info,"Reparto, Equipos adicionales","Reza por el diablo, Stalker: The Curse of the Zone, Kung Fury II: The Movie"
Gabriela Nakova,No info,No info,Reparto,No info
Gloria Laino,31 de diciembre,10 premios y 1 nominación,"Reparto, Guion, Dirección de casting","American Horror Story, Lo que hacemos en las sombras, Anatomía de Grey"
Brenda Banda,No info,No info,Reparto,"Gentefied, Shameless, Anatomía de Grey"
Wilson Ramirez,No info,No info,"Reparto, Guion, Producción","Hollywood Revelations, Then I'll Rest, Agentes de S.H.I.E.L.D."
Jayaram,10 de diciembre de 1964,10 premios y 4 nominaciones,"Reparto, Música, Equipos adicionales","Thuppakki, Ponniyin Selvan: Part One, Thooval Kottaram"
Sheelu Abraham,21 de agosto de 1987,No info,"Reparto, Producción","Veekam, Kanal, Al Mallu"
Ann Mahoney,24 de abril de 1976,1 premio,"Reparto, Guion, Producción","Midnight Special, La suerte de los Logan, Descubriendo el amor"
Adam Masnyk,No info,1 premio,"Reparto, Guion, Producción","Odd Men Out, La gran estafa americana, Ted 2"
Timothy P. Stanton,No info,No info,"Reparto, Producción",No info
Shabir Sheikh,No info,No info,Reparto,No info
C. Nathaniel Brown,No info,No info,"Producción, Dirección, Guion","Chi Nu Legacy, Sacrificing the Queen, Same Spot"
Thelma C. Brown,No info,No info,"Reparto, Dirección, Producción","Fatal Attraction, ATL Homicide, Detective americano, con Joe Kenda"
Deju Green,No info,No info,Reparto,No info
Jacob Daniel Groth,No info,No info,"Reparto, Equipos adicionales","Southeast Regional's Best of the Festival (shorts): Vol 1, Restored: Stories of Encounter, Pablo, el apóstol de Cristo"
George Medina,No info,No info,Reparto,"Diary ng panget, The Veil Removed, Trophy Wife"
Javier Carmona,No info,No info,Reparto,"Chicago P.D., Bloggers, Queen of Phantoms"
Tavares M. Wilson,No info,No info,"Reparto, Guion, Producción","Exit, Rules, The Man That Ran Still: A Joe Sisco Story"
Tai Anderson,No info,1 premio,"Reparto, Producción, Guion","Distorted, The 4th Quarter, Restless"
Travis Cure,No info,No info,"Reparto, Producción","The Oval, Tough Love, David Movie"
Robert LaSardo,20 de septiembre de 1963,5 premios y 2 nominaciones,"Reparto, Producción, Guion","Mula, Death Race: La carrera de la muerte, Nip/Tuck, a golpe de bisturí"
Jayvo Scott,No info,3 premios y 4 nominaciones,"Reparto, Producción, Música","Riviera, Complications, Hooligan?"
Sheryl Carbonell,No info,No info,"Reparto, Dirección, Guion","Rap Sh!t, The Greatest Ever, DOA at the PTA"
Dong Do Kim,No info,No info,Reparto,No info
Man Hee Kang,No info,No info,Reparto,No info
Soo Hyun Kim,No info,No info,Reparto,No info
Alexandera Yetman,No info,No info,"Reparto, Dirección, Guion","Along The Line, The Fifth Dimension, Contacto alienígena"
Hardie Duhaney II,No info,No info,Reparto,"Bora, Jungle Juice, Radiant"
Billy Hartmann,No info,No info,"Reparto, Guion, Producción","Peter Pan, Land of Forever, Day of a Slave, On Our Own"
Derrick Jamel Butts,No info,No info,Reparto,"Bobby Mortal, Abducted, Chadwick Manor"
Leanne Budd,No info,No info,"Reparto, Guion, Dirección","Man v wife, Hostage, The Unthinkable"
Steven Eljay,No info,No info,Reparto,"Red Army Hooligans, Roofied: A Double Dose, Hate Story IV"
Lauren Woods,No info,No info,Reparto,"Death Promise, Destination: Dewsbury, Wiccan"
Mike Anthony,No info,No info,Reparto,No info
Adrian Brigman,No info,No info,Reparto,No info
Miles Tillemans,No info,No info,Reparto,No info
Paige Awtrey,No info,1 premio,"Reparto, Maquillaje, Producción","Meeting the Parents, Justice League 2: The Shattered Paragon, The Spectacular Mind of Mackenzie Banks"
Kenadee Clark,No info,No info,"Reparto, Dirección de la segunda unidad o asistencia a dirección, Dirección","What You Taught Me, Shadow of Vengeance, Chapel"
Saul Grosshuesch,No info,No info,"Reparto, Cámara y electricidad, Sonido","Ghostbusters: Open for Business, The Spectacular Mind of Mackenzie Banks, Costigan Bloch"
Marki Henderson,14 de octubre de 1978,13 premios y 13 nominaciones,"Reparto, Guion, Producción","Swagger, Fatal Attraction, ATL Homicide"
Corey Newton,No info,No info,"Reparto, Guion, Composición","Sins of Eve, Inside of Me, He's My Daddy Too"
Rita Johnson,No info,No info,Reparto,"He's My Daddy Too, Vengeance Is Mine, Under His Control"
Raul Alhena,No info,No info,"Reparto, Dirección de la segunda unidad o asistencia a dirección, Producción","La Mue, El camino de Ares, Pescado crudo"
Eva María Fajas,No info,No info,Reparto,No info
Júlia Buxó,No info,No info,Reparto,No info
Catalina Danca,No info,1 premio,Reparto,No info
Gimi Covaci,No info,No info,"Reparto, Guion",No info
Arthur Vasile,No info,No info,Reparto,No info
Priya Dutta,No info,No info,Reparto,"Dakbaksho, Biporjoy, Barof 2019"
Shataf Figar,No info,No info,Reparto,"Tyler Rake, Shershaah, Gehraiyaan"
Indrani Haldar,6 de enero de 1971,4 premios,Reparto,"Dahan, Jara Brishtite Bhijechhilo, Saanjhbatir Roopkathara"
Daniel Cruz,No info,No info,"Reparto, Guion, Arte","The Endless Flight, Lyrics from a Bleeding Heart, The Deception"
Kelly Kidd,No info,No info,"Reparto, Guion","In Their Own Words, Billy the Kid & The Lincoln County War, The Reckoning, Makin' 8"
Sheila Eden,No info,No info,"Música, Maquillaje, Reparto","In Their Own Words, Billy the Kid & The Lincoln County War, The House on Normal Street, Querencia"
Tsai Chin,1 de septiembre de 1933,1 premio y 2 nominaciones,"Reparto, Música, Banda sonora","Memorias de una geisha, Shang-Chi y la leyenda de los diez anillos, Sólo se vive dos veces"
Hsiao-Yuan Ha,15 de mayo de 1981,1 nominación,Reparto,"Suan tian zhi wei, Acting Out of Love, Fan Qiang De Ji Yi"
Michael Tow,3 de septiembre,2 premios y 1 nominación,"Reparto, Producción, Guion","Sound of Metal, Lucky Grandma, The Blacklist"
Gérard Darman,No info,No info,Reparto,"Le bar de la fourche, Passage, Lumière violente"
Titouan Annabi,No info,No info,Reparto,No info
Céline Berti,No info,No info,"Reparto, Localización, Equipos adicionales","Robin Hood: Forajido, héroe, leyenda, Girls Feels: Into the Blue, L'Arc-en-ciel de Mélanie"
Oisín Murphy,No info,No info,Reparto,No info
Denise Quinn,No info,No info,Reparto,No info
Lalor Roddy,1954,2 nominaciones,Reparto,"Grabbers, Hunger, The Devil's Doorway"
LynMarie Dixon,No info,No info,Reparto,No info
Michelle Sanchez,No info,No info,"Dirección de fotografía y cámara, Edición, Dirección","Heaven, It Calls, Justice for Adam"
Wendy E. Snyder,No info,No info,Reparto,"Driven to the End, White Bliss, Heaven"
Sean Walsh,No info,No info,Reparto,"The Great American Heist, Hanging on a Telephone, Hanging on a Telephone"
Carlo Arrigoni,No info,No info,"Reparto, Dirección de producción","Story of a Luthier, Piercing Stillness, The Scrupulous Torment of the Polite Man"
Alberto Bona,No info,1 premio,"Reparto, Producción, Guion","L'Assenza, The Darkness: Jussy's Girl, Piercing Stillness"
Federico Cicardi,No info,No info,"Guion, Dirección de arte, Reparto","Piercing Stillness, The Scrupulous Torment of the Polite Man, Story of a Luthier"
Maryna Koshkina,21 de mayo de 1993,2 premios y 2 nominaciones,Reparto,"Iz zavyazanymy ochyma, Zabuti, Silence"
Vasiliy Kukharskiy,No info,No info,Reparto,"Wataha, Maksym Osa, Toloka"
Danylo Kamenskyi,27 de octubre de 2000,1 premio,Reparto,"Zabuti, Toptun, Stronghold, el gigante de piedra"
Ernesto Nodal,No info,No info,"Reparto, Equipos adicionales","Graceland, Divorce, Fallen Brother"
Sofya Nova,No info,No info,"Reparto, Equipos adicionales","Vera, Crowddating, Danny"
Kenneth Ross,No info,No info,"Reparto, Producción, Dirección","Bluefish, Block, Highpothetically"
Rubén Cristiany,No info,No info,Reparto,"El Pantera, Ladrón de Corazones, Hora marcada"
Daniela García,No info,No info,Reparto,No info
Lariza Mendizábal,No info,No info,Reparto,"Lo que la gente cuenta, Ni una vez más, La vida es una canción"
Boncuk Yilmaz,13 de mayo de 1981,1 premio y 2 nominaciones,"Reparto, Banda sonora","Karpuz Kabugundan Gemiler Yapmak, Mi otra yo, Çukur"
Benian Dönmez,No info,No info,Reparto,"Kara Bela, Aci Kahve, Three Sisters"
Sahin Ergüney,No info,No info,Reparto,"Kurtulus, Destan, Amor de contrabando"
Paulina Dávila,18 de diciembre de 1988,1 nominación,"Reparto, Producción","Que viva la música, Después De Ti, Amor es amor"
Juan Pablo Medina,22 de octubre de 1977,3 nominaciones,"Reparto, Producción","La casa de las flores, El Club de los Idealistas, Se busca papá"
Alana Grace,No info,3 premios y 2 nominaciones,"Reparto, Producción, Guion","The Strangers We Know, Uno para todas, Country Strong"
John Fairbairn,No info,1 nominación,"Reparto, Dirección de la segunda unidad o asistencia a dirección, Guion","The Strangers We Know, Bart Seven Is Offline, The Heather Files"
Rachel McGuinness,No info,1 premio,Reparto,"I Did Not Forget You, Deal Me, 09.05.57"
Mark Harley,No info,No info,"Reparto, Guion","Los juegos del resacón, Perfect Sport, Seasons of War"
Logan Laurel,No info,No info,Reparto,"The Sixth Floor, The 3rd Guest, Girl with a Deadly Past"
Annika Marks,12 de agosto,6 premios y 3 nominaciones,"Reparto, Guion, Producción","Las sesiones, Waco, Killing Eleanor"
Elvis Alexander,No info,No info,Reparto,No info
Mime Gopi,29 de junio de 1975,1 premio,Reparto,"Pushpa: The Rise - Part 1, Salaar. Part 1 - Ceasefire, Varisu"
Aindhu Kovilan,No info,No info,Reparto,No info
Eric Michael Federman,No info,3 premios,"Reparto, Sonido, Dirección","Project Elementals, Borrowed Vengeance, Stereotyped: The TV Show"
Greg Simmonds,No info,No info,"Reparto, Música, Dirección","The Donut Heist, Scarlet Samurai: Incarnation, Legend of the Red Reaper"
Marco Schiazza,No info,1 premio,"Reparto, Guion, Producción","Statute of Limitations, La oferta, To Tell the Truth"
Arron Barber-Stephens,No info,No info,"Reparto, Equipos adicionales, Dirección","The Assist, Wade's World, Chopped U"
Kara Bruntz,No info,No info,Reparto,No info
Laura Kathleen Dial,No info,No info,"Reparto, Equipos adicionales","Waiting for Reneau, Teacher's Lounge, The Writer"
Justin Hughes,No info,No info,Reparto,"What Doesn't Kill Us, The Writer, Masks"
Jay Pace,No info,No info,Reparto,"It's Stranger Than We Thought, She Was Insane, I'm a Mess"
Monica Phillips,No info,2 premios y 2 nominaciones,"Reparto, Guion, Dirección","Dr. Monsanto or: How I Learned to Stop Streaming and Love the Virus, The First Ever Virtual Sketch Show, Here for You"
Predrag Bjelac,30 de junio de 1962,1 nominación,"Reparto, Equipos adicionales, Banda sonora","Harry Potter y el cáliz de fuego, Killing Eve, Gangster Ka"
Petr Franek,No info,No info,Reparto,"Xia dao lian meng, Znamení kone, El informante"
Jana Plodková,5 de agosto de 1981,1 premio y 5 nominaciones,"Reparto, Guion, Banda sonora","Protektor, Prag, Ztraceni v Mnichove"
Rachelle Henry,16 de diciembre de 2000,7 premios y 15 nominaciones,"Reparto, Guion, Edición","La costa de los mosquitos, Dead to Me, Gaslit"
Ronee Collins,No info,No info,"Reparto, Producción, Dirección de la segunda unidad o asistencia a dirección","Kola, Highlander: Hans Kirschner, Old Man Jackson"
Bill Read Jr.,No info,No info,"Reparto, Dirección, Guion","Winters Edge, C.A.T.S, Blood for Blood"
Mylène Amyot,No info,No info,Reparto,"S'échapper vers la Vie, Jamais trois sans toi..., BB/MA"
Pierre-François Bouffard,No info,2 premios y 2 nominaciones,"Reparto, Cámara y electricidad","Spleen, Bonne Personne, La Fin du Monde"
Frank Jendrzytza,No info,No info,Reparto,"Ich bin an Weihnachten allein in Berlin, Traumnovelle, Blutsverwandte"
Bastian Scheibe,No info,No info,"Reparto, Edición, Producción","Der Perfektionist, Der Liebesbaum, The Passenger"
Harry Chambarry,No info,No info,"Reparto, Producción, Guion","Bull, Sexo en Nueva York, Ley y orden: Unidad de Víctimas Especiales"
Jordan Gosnell,21 de enero,1 premio y 1 nominación,"Edición, Reparto, Producción","Handheld, Like Daughter, Like Mother, Nashville"
Jessica Alexandra Green,No info,16 premios y 9 nominaciones,"Reparto, Edición, Dirección","A Very Nutty Christmas, Presa de una obsesión, Remains"
Cuete Yeska,No info,1 premio,"Reparto, Producción, Guion","Cuenta pendiente, Better Things, On My Block"
Glenn Plummer,18 de agosto de 1961,2 premios y 2 nominaciones,"Reparto, Dirección, Producción","Días extraños, Showgirls, Speed: Máxima potencia"
Cesar Garcia,No info,1 premio,"Reparto, Especialistas, Producción","Fast & Furious: Aún más rápido, Breaking Bad, Círculo"
Jeremy Lee C.,No info,No info,"Reparto, Dirección, Guion","Way Out There, Akrasia, As Simple As Hello"
McKenna Stoffer,No info,No info,Reparto,"I Only Want You, The Enormity of Life, Cadia: The World Within"
Bryan Lewis,No info,No info,Reparto,No info
Zachary Levi,29 de septiembre de 1980,3 premios y 23 nominaciones,"Reparto, Producción, Dirección","¡Shazam!, Chuck, Enredados"
Mark Strong,5 de agosto de 1963,3 premios y 11 nominaciones en total,"Reparto, Producción","1917, ¡Shazam!, Kingsman: Servicio secreto"
Asher Angel,6 de septiembre de 2002,2 premios y 1 nominación,"Reparto, Banda sonora, Producción","¡Shazam!, Andi Mack, ¡Shazam! La furia de los dioses"
Resham Firiri,No info,No info,Reparto,No info
Surendra K.C.,No info,No info,Reparto,"Jadugar 2, Jai Bhole, Meri Bassai"
Simpal Kharel,No info,No info,Reparto,No info
Antonio Jesús Lorenzo 'Cachín',No info,No info,Reparto,"A encrucillada, Instrucciones para empezar a hablar gallego, Medos"
José Ramón Villarino,No info,No info,Reparto,No info
Rocío Fernández Insua,No info,No info,Reparto,No info
Beatie Edney,23 de octubre de 1962,No info,"Reparto, Dirección, Guion","Los inmortales, En el nombre del padre, Un gran día para ellas"
Dimitri Gripari,No info,No info,Reparto,No info
Gabriella Moran,No info,No info,"Reparto, Guion","NYET! - a Brexit UK Border Farce, Acts of Passion, A Winter's Journey"
Mille Dinesen,No info,2 premios y 7 nominaciones,Reparto,"Rita, Simon & Malou, Nynne"
Lærke Winther,23 de septiembre de 1975,2 nominaciones,"Reparto, Guion, Guion y continuidad","Flame y Citrón, Those Who Kill, Album"
Stephania Potalivo,No info,2 premios y 2 nominaciones,"Reparto, Vestuario, Banda sonora","Sjit Happens, Lykkefanten, Albert"
Olu Adaeze,No info,11 premios,"Reparto, Cámara y electricidad","Guilty Bunch of Flowers, Emmerdale, Sandman"
Eleanor Burke,No info,53 premios y 2 nominaciones,Reparto,"Emotional Distress, Guilty Bunch of Flowers, A Date with Shillelagh"
Kenny Davies,No info,14 premios,Reparto,No info
Orçun Kaptan,No info,No info,Reparto,"Pardon, Emret Komutanim: Sah Mat, Sifir: Etkisiz Eleman"
Birgül Ulusoy,No info,No info,Reparto,"Firuze, Yalanci Yarim, Sebeke"
Ali Riza Tanyeli,No info,No info,Reparto,"Zaman Makinesi 1973, Agir Romantik, Pelesenk Ailesi"
Mary Nepi,No info,No info,Reparto,"Snatchers, Not Cool, Snatchers"
Gabrielle Elyse,19 de noviembre de 1996,1 nominación,Reparto,"Nicky, Ricky, Dicky y Dawn, Snatchers, Los Thundermans"
J.J. Nolan,2 de octubre,4 premios y 1 nominación,"Reparto, Producción, Dirección de arte","Pretty Problems, Snatchers, Chicago Med"
Quenn Partin,No info,No info,Reparto,No info
Jess Taylor,No info,No info,"Producción, Dirección, Edición","Quiet Hours Enforced, Satisfaction, Anxiety"
Adil Zubair,No info,No info,"Reparto, Dirección, Guion","Pasta, Jay and Anna, Tribe"
Danielle Leaf,No info,No info,"Equipos adicionales, Reparto, Transporte","People You Know, The Closer, Based on a True Story"
Topher Naylor,No info,No info,Reparto,No info
Chris Mollica,17 de enero de 1981,7 premios y 4 nominaciones,"Reparto, Edición, Guion","Family Obligations, Sofa King, The Mix"
Chandler Rosenthal,No info,2 premios,Reparto,"Unbreakable Kimmy Schmidt: Kimmy contra el reverendo, Family Obligations, Sofa King"
Frank Failla,No info,2 premios,Reparto,"Family Obligations, It's Love, Bro, My Sister's Wedding"
Joey Greer,No info,1 nominación,Reparto,"The Late Bloomer, Co-Star Master Class, Enamorarse"
Nina E. Jordan,No info,1 premio,Reparto,"El club del odio, Desaparecido a medianoche, Thirsty"
Brendan Mitchell,9 de julio de 1982,No info,"Reparto, Edición, Dirección","Dysmorphia, Night Owls 3, Night Owls"
Gabriel Mercado,No info,No info,Reparto,"An Hour to Kill, Killer Waves, Dysmorphia"
Frankie Pozos,No info,No info,Reparto,"An Hour to Kill, Headless Horseman, LA 143"
Kent Allen,No info,No info,Reparto,No info
Scott Mitchell,No info,No info,"Música, Composición, Reparto","Life Below Zero, Calls from the Inside, El libro de los secretos de EE. UU."
Eric Willis,No info,No info,"Reparto, Guion, Producción","My Neighbor Wants Me Dead, My Neighbor Wants Me Dead, The Daddy-O"
Bobby Friedman,No info,1 nominación,"Guion, Dirección, Producción","Under Cover Comic, Disservice, The Stranger"
Amita Sharma,No info,No info,Reparto,"Expecting, Under Cover Comic, Grease the Door"
Elon Gold,14 de septiembre de 1970,No info,"Reparto, Producción, Guion","Doce en casa, The In-laws, The Dana Carvey Show"
Tingna Guan,No info,No info,Reparto,No info
Yishan Jiang,No info,No info,Reparto,No info
Xiaobao Song,No info,2 premios y 2 nominaciones,"Reparto, Dirección, Guion","Ying tao, Fa cai ri ji, Tian qi yu bao"
Diana Lado,No info,No info,Reparto,"The Last Fitness Instructor, Vuelo 192, The Chicken Party"
Sergey A.,16 de abril de 1996,3 premios y 4 nominaciones,"Guion, Producción, Dirección de fotografía y cámara","Deadly Cruise, Punishment, Mezhzvyozdnyie voyny. Sila probuzhdayetsya"
Tres Dillon,No info,No info,Reparto,"Her Mind in Pieces, The Edge of Her Mind Anthology, Uncertainship"
Erikson Dockery,No info,No info,"Reparto, Guion, Equipos adicionales","Patrons, Freelancers Anonymous, Her Mind in Pieces"
Kaydee Dolan,No info,No info,Reparto,"Her Mind in Pieces, The Edge of Her Mind Anthology, Uncertainship"
Lindsay Coryne,No info,No info,Reparto,"Orange Is the New Black, Better Things, Eres lo peor"
Nicole DuBois,No info,No info,"Reparto, Guion, Producción","The Shrink Next Door, Magic Carpet Rides, Eres lo peor"
Lauren Ashley Hill,No info,No info,Reparto,"With 2 You Get Horror, My Life Worked Out, Good Samaritans"
Abdulrahman Al-Aqel,No info,No info,Reparto,"Muntasaf al-Lail, Al-Mukhayyam, My Aunt Qumasha"
Khalid Al-Farhan,No info,No info,"Producción, Reparto",No info
Essa Al-Marzouq,No info,1 nominación,Reparto,No info
Zizan Razak,No info,1 nominación,"Reparto, Producción, Dirección","Cicak-Man 3, Polis Evo, Abang Long Fadil 3"
Awie,No info,3 nominaciones,"Reparto, Producción, Dirección","Bara, Rebel, Dollah Superstar"
Julangtip Sukkasem,No info,No info,Reparto,No info
Hayley Tibbenham,No info,1 premio,"Guion, Dirección, Reparto","Inhuman, Aves, Uglies"
Mason Reeves,No info,No info,Reparto,"Inhuman, How to Cure Insomnia, Weiner Police"
Megumi Nakamura,No info,No info,Reparto,"Evil, Inhuman, High Maintenance"
David Beatty,1 de diciembre,3 premios y 4 nominaciones,"Reparto, Guion, Dirección","The White Room, Get Spy, The Human Project"
Jeff Elam,No info,No info,Reparto,"American Crime Story, Silicon Valley, Hacks"
Allyson Sereboff,No info,1 premio y 3 nominaciones,"Reparto, Producción, Equipos adicionales","A Place Among the Dead, Poultrygeist: Night of the Chicken Dead, The Hitchhiker Effect"
Shweta Tripathi,6 de julio de 1985,5 premios y 18 nominaciones,Reparto,"Masaan, Mirapur, Haraamkhor"
Alisha,No info,No info,Reparto,No info
Rebecca Harrod,No info,No info,Reparto,"Festival de la Canción de Eurovisión: La historia de Fire Saga, Última noche en el Soho, Guilt"
Tony Bond,No info,No info,Reparto,No info
Oengus MacNamara,No info,No info,Reparto,"Entre la razón y la locura, Juego de tronos, Britannia"
Marie Mouté,No info,No info,Reparto,"Promises, Welcome to New York, Le gendre idéal 2"
Erica Sturdefant,No info,No info,Reparto,"Zoombies 2, The Right Eye 2, Symmetry"
Barry Brewer,No info,No info,"Reparto, Producción, Dirección","Chicago I'm Home, Games People Play, Bruh"
Kelsey Keely,No info,No info,Reparto,"Riot for the dove, Du Ffunk Superheroes, Driver"
Chris Sparks,No info,No info,"Reparto, Producción, Arte","Dichotomy, The Fall, The Sound of Settling"
Cody Reiss,No info,No info,"Reparto, Producción, Guion","Cody Sucks, Nuva Ring Brunch, Wine Tasting"
Alan Trinca,No info,No info,"Reparto, Guion, Producción","Transformers: Rescue Bots Academy, Bull, Heartbreak Falls Part 1"
Samantha Ruston,No info,No info,Reparto,"Perfect: Android Rising, Assassinista, Dreams of You & Me"
